:020000022000DC
:10700000000004207D9E0200A59E0200A79E0200B3
:10701000A99E0200AB9E0200AD9E0200000000008F
:10702000000000000000000000000000AF9E020011
:10703000B19E020000000000B39E0200B59E020057
:10704000A9CA0200B79E02001DD4020045670300D2
:10705000B79E0200B79E0200FDD00200B79E02005C
:10706000B79E020071FA0200CD650300B79E0200D0
:10707000B79E0200B79E0200B79E0200B79E0200B4
:10708000B79E020055A70200B79E0200B79E0200FD
:10709000B79E02005DE20200A11A0300B79E020043
:1070A000B79E0200B79E0200256603007D660300BE
:1070B000B79E020091D40200000000000000000012
:1070C000B79E0200B79E0200B79E020015D60200CE
:1070D000D5620300B79E0200B79E0200B79E020071
:1070E000B79E0200711C0300B79E02000000000062
:1070F00000000000B79E0200000000009DD50200C5
:10710000000000000000000000000000000000007F
:10711000000000000000000000000000000000006F
:10712000000000000000000000000000000000005F
:10713000000000000000000000000000000000004F
:10714000000000000000000000000000000000003F
:10715000000000000000000000000000000000002F
:10716000000000000000000000000000000000001F
:10717000000000000000000000000000000000000F
:1071800000000000000000000000000000000000FF
:1071900000000000000000000000000000000000EF
:1071A00000000000000000000000000000000000DF
:1071B00000000000000000000000000000000000CF
:1071C00000000000000000000000000000000000BF
:1071D00000000000000000000000000000000000AF
:1071E000000000000000000000000000000000009F
:1071F000000000000000000000000000000000008F
:1072000010B5054C237833B9044B13B10448AFF3E0
:1072100000800123237010BD582F002000000000C3
:10722000788E030008B5034B1BB103490348AFF345
:10723000008008BD000000005C2F0020788E030055
:10724000A3F5803A704700BF174B002B08BF134BC4
:107250009D46FFF7F5FF00218B460F461348144A61
:10726000121A00F063F80E4B002B00D098470D4B1C
:10727000002B00D098470020002104000D000D488D
:10728000002802D00C48AFF3008000F02BF820005B
:10729000290007F0CDFE00F011F800BF0000080043
:1072A000000000000000000000000420582F002013
:1072B00060AA0220000000000000000008B5074B93
:1072C000044613B10021AFF30080054B1868836AB0
:1072D00003B19847204602F0CFFD00BF0000000038
:1072E000DC7D030070B50D4D0D4C641BA410002611
:1072F000A64209D10B4D0C4C10F064FD641BA41088
:107300000026A64205D170BD55F8043B98470136CA
:10731000EEE755F8043B98470136F2E7002F0020CE
:10732000002F0020002F0020042F002002440346DD
:10733000934200D1704703F8011BF9E72DE9FF479D
:1073400055EC104B002D0E4619462B46BBBF05F1E0
:1073500000431D4600232D230B700D9BDDF830A04C
:10736000914623F02008BCBF22461446B8F1460FD0
:1073700005D0B8F1450F00D10136022100E003210C
:1073800003AB019302AB009345EC104B53463246DE
:1073900000F0D2FCB8F1470F074602D119F0010FF7
:1073A00022D0B8F1460F07EB060910D13B78302BFD
:1073B0000AD1002200232046294610F017FB18B9F5
:1073C000C6F10106CAF80060DAF8003099440022DC
:1073D00000232046294610F009FB08B1CDF80C9097
:1073E0003022039B4B4507D3039B0E9ADB1B384689
:1073F000136004B0BDE8F087591C03911A70F0E7E0
:10740000F7B503460029B8BF494203F8022BB4BFC1
:107410002D222B22092942702ADD0DF10704A446F2
:107420000A27A6460A4691FBF7F607FB16153035E4
:10743000632A04F1FF340EF8015C3146F1DC30318F
:10744000AEF1020504F8011C441C294661450AD32B
:107450000DF10902A2EB0E02654588BF002213441C
:10746000181A03B0F0BD11F8012B04F8012FEDE755
:10747000302330318370C170031DF1E72DE9F04FE7
:107480002DED028B8DB00C46DDF8608016461F4650
:10749000054601F03DFAD0F800A0504600F0B8FBD8
:1074A00000230A9323680593D8F8003094F818B0A5
:1074B000073323F0070303F10802C8F80020D3E9DB
:1074C0000023C4E91223D4E9128929F00043079369
:1074D000CDF8188008EE100A9F4BDDE906014FF049
:1074E000FF3210F0B5FA88BBDDE906019A4B4FF088
:1074F000FF3210F08FFA48BB002200234046494675
:1075000010F07EFA10B12D2384F84330934B944849
:10751000BBF1470F94BF9846804603232361059B28
:1075200023F0040222604FF00009009733460BAAB3
:107530002146284600F0D8F9013040F090804FF005
:10754000FF300DB0BDEC028BBDE8F08F42464B46DC
:107550004046494610F07CFA40B14B46002BBCBF78
:107560002D2384F843307F487F4BD1E763680BF0CD
:10757000DF0206925A1C3FD106236360059B6168B7
:1075800043F48062002303930AABCDE901B309AB56
:1075900049EC108B009322600DF123032846FFF77E
:1075A000CDFE069B0999472B804608D1C81C02DBFB
:1075B0006368994241DDABF1020B5FFA8BFBBBF1D3
:1075C000650F20D801395A4604F150000991FFF7A0
:1075D00017FF0A9A1318012A8146236102DC2268E8
:1075E000D20701D5013323619DF82330002B9CD0B5
:1075F0002D2384F8433098E7069A472ABED1002B02
:10760000BCD10123B9E7BBF1660F18D1002963682B
:107610000BDD216113B92268D00702D501330B4479
:107620002361A1654FF00009DEE713B92268D20794
:1076300001D50233F4E70123F2E74FF0670B0A9B11
:10764000994205DB23682161D807EAD54B1CE7E79F
:107650000029D4BFC1F1020201221344E0E72368EC
:107660005A0507D42369424631462846B8470130B7
:107670002CD164E7BBF1650F40F2E080D4E9120140
:107680000022002310F0B2F9002834D0374A012339
:1076900031462846B84701303FF451AFDDE90923B0
:1076A0009A4202DB2368D80710D518EE103A5246EA
:1076B00031462846B84701303FF441AF4FF000084B
:1076C00004F11A090A9B013B434509DC23689B0727
:1076D00000F10581E0680B9B9842B8BF184630E77F
:1076E00001234A4631462846B84701303FF427AFC8
:1076F00008F10108E6E7099B002B39DC1B4A01234E
:1077000031462846B84701303FF419AFDDE9092377
:10771000134302D12368D907D8D518EE103A524640
:1077200031462846B84701303FF409AF4FF0000911
:1077300004F11A0A099B5B424B4501DC0A9B92E764
:107740000123524631462846B84701303FF4F7AE90
:1077500009F10109EEE700BFFFFFEF7FE07D0300C5
:10776000E47D0300EC7D0300E87D0300F07D030071
:107770000A9AA36D9A42A8BF1A46002A914637DC9E
:107780004FF0000B29EAE97904F11A02A36D059381
:10779000A3EB09035B4533DCDDE909239A423BDBBC
:1077A0002368DA0738D40A9A059B0999D31AA2EB01
:1077B00001099945A8BF9946B9F1000F35DC4FF092
:1077C000000829EAE97904F11A0ADDE909239B1A7C
:1077D000A3EB090343457FF779AF012352463146B6
:1077E0002846B84701303FF4AAAE08F10108ECE79B
:1077F0001346314642462846B8470130C0D19EE67E
:107800000123314628460592B84701303FF497AE30
:10781000059A0BF1010BB9E718EE103A52463146C2
:107820002846B8470130BED189E6059A4B46424406
:1078300031462846B8470130C1D180E60A9A012A6C
:1078400001DCDB0738D50123424631462846B847DC
:1078500001303FF474AE18EE103A524631462846D5
:10786000B84701303FF46BAED4E912010022002387
:1078700010F0BCF8D8B90A9B08F10102013B31466F
:107880002846B84701300ED159E601235246314609
:107890002846B84701303FF452AE08F101080A9B70
:1078A000013B4345F1DC4B4604F15002DCE64FF06E
:1078B000000804F11A0AF2E701234246DFE7012338
:1078C0004A4631462846B84701303FF438AE08F101
:1078D0000108E3680B995B1A4345F0DCFAE64FF0C8
:1078E000000804F11909F4E72DE9F0471646994616
:1078F0008A680B69DDF820809342B8BF1346336075
:1079000091F8432007460C460AB1013333602368DF
:10791000990642BF336802333360256815F00605C7
:1079200006D104F1190AE36832689B1AAB4226DCDF
:1079300094F84320131E226818BF012392062BD40B
:1079400004F1430249463846C04701301ED023683F
:10795000E568326803F00603042B08BFAD1AA3687C
:1079600022690CBF25EAE57500259342C4BF9B1A26
:10797000ED1800261A34B5421AD1002008E0012380
:10798000524649463846C047013003D14FF0FF30D8
:10799000BDE8F0870135C6E7E1185A1C302081F8B0
:1079A0004300224494F8451082F843100233C7E79D
:1079B0000123224649463846C0470130E6D0013609
:1079C000D9E700002DE9FF470C469146277E0C9928
:1079D000782F80469A4604F1430207D8622F0AD8CE
:1079E000002F00F0D880582F00F0A38004F1420649
:1079F00084F842703AE0A7F16303152BF6D801A092
:107A000050F823F05D7A0200717A0200ED790200ED
:107A1000ED790200ED790200ED790200717A020041
:107A2000ED790200ED790200ED790200ED790200B6
:107A30007D7B0200A17A02005F7B0200ED790200EB
:107A4000ED7902009F7B0200ED790200A17A02002D
:107A5000ED790200ED790200677B02000B681A1DC8
:107A60001B680A6004F1420684F842300123A3E057
:107A7000256808682E0600F104030AD505680B6026
:107A8000002D03DA2D236D4284F843305E480A232B
:107A900019E015F0400F05680B6018BF2DB2EFE735
:107AA0000B682568181D0860280601D51D6802E0CE
:107AB0006906FBD51D8854486F2F0CBF08230A2385
:107AC000002184F843106668A660002EA2BF2168DA
:107AD00021F0040121600DB9002E4DD01646B5FBF2
:107AE000F3F103FB1157C75D06F8017D2F46BB423A
:107AF0000D46F4D9082B0BD12368DF0708D523697D
:107B000061689942DEBF302306F8013C06F1FF367A
:107B1000921B2261CDF800A04B4603AA21464046A5
:107B2000FFF7E2FE01304CD14FF0FF3004B0BDE86A
:107B3000F087354884F8457023680E681F0656F8AC
:107B4000045B0E6014D5D90744BF43F020032360C3
:107B50001DB9236823F0200323601023B0E72368B6
:107B600043F0200323607823284884F84530E3E776
:107B70005E0648BFADB2E6E71646BBE70B6826686F
:107B800060691D1D0D6035061B6801D5186002E097
:107B90007106FBD51880002323611646BAE70B68EF
:107BA0001A1D0A601E6862680021304600F0C0FE9F
:107BB00008B1801B606063682361002384F8433050
:107BC000A8E72369324649464046D0470130ABD04A
:107BD00023689B0713D4E068039B9842B8BF1846FC
:107BE000A4E70123324649464046D04701309BD0A6
:107BF0000135E36803995B1AAB42F2DCEBE7002541
:107C000004F11906F5E700BFF27D0300037E0300CF
:107C1000034613F8012B002AFBD1181A01387047CC
:107C20002DE9F74F03690C69A3420746C0F2818032
:107C3000013C01F1140800F1140505EB84030193E4
:107C400058F8243055F8242001339A424FEA840B27
:107C500008EB8409B2FBF3F631D34FF0000E404637
:107C6000AC46F24650F8042B93B206FB03E34FEA0E
:107C7000134E9BB2AAEB0303120CDCF800A006FB28
:107C800002E213FA8AF34FEA124E1FFA82FADCF884
:107C90000020CAEB124202EB23429BB243EA0243AA
:107CA00081454CF8043B4FEA224ADBD255F80B30B1
:107CB0002BB9019B043B9D421A462ED33C613846AA
:107CC00001F012F9002824DB013628464FF0000CA1
:107CD00058F8042BD0F800E093B2ACEB0303120C7D
:107CE00013FA8EF3C2EB1E4202EB23429BB243EA2D
:107CF0000243C14540F8043B4FEA224CE8D255F814
:107D0000242005EB840322B9043B9D421A460AD382
:107D10003C61304603B0BDE8F08F1268043B002A96
:107D2000CCD1013CC7E71268043B002AF0D1013CEA
:107D3000EBE70020EEE700002DE9F04F2DED028B80
:107D400057EC106B95B0456ADDF880800591CDE960
:107D50000267044609920F9375B9102000F0DCFD0C
:107D60000246606220B9B24BEA21B24801F086FABD
:107D7000C0E901550560C560636A196851B15A6868
:107D80004A60012393408B60204600F06FFE636AD7
:107D900000221A603B1EB9BF23F000430393002367
:107DA000C8F80030DDF80C90A34BBCBF0122C8F826
:107DB000002033EA09031BD10F9A42F20F731360BC
:107DC000C9F31303334300F07A85219B63B99B4BBE
:107DD00024E09B4B00930833219A1360009815B060
:107DE000BDEC028BBDE8F08F944B00930333F3E7B7
:107DF0009DED027B002251EC170B00238DED0A7BD9
:107E00000FF0F4FD804658B10F9A01231360219BB7
:107E1000002B00F051858B481860431E0093DDE76E
:107E20009DED0A0B12AA13A9204601F001F9C9F32E
:107E30000A558346002D7CD00B9BCDF84080C3F3C0
:107E40001303DDE90A6743F07F5747F44017A5F2B3
:107E5000FF357D4B0022304639460FF0A7F96EA35F
:107E6000D3E900230FF05AFB6DA3D3E900230FF0F1
:107E70009FF9064628460F460FF0E6FA6AA3D3E9B3
:107E800000230FF04BFB02460B46304639460FF0FD
:107E90008FF906460F460FF0F1FD002282460023BF
:107EA000304639460FF0ACFD48B150460FF0CCFAE1
:107EB00032463B460FF09AFD08B90AF1FF3ABAF193
:107EC000160F54D8614B03EBCA03D3E90023DDE955
:107ED0000A010FF095FD00284BD00AF1FF3A00236C
:107EE0000E93129B5D1B6B1E049343BF0023C5F1D1
:107EF000010804934FF00008BAF1000F3BDB049B2C
:107F0000CDF834A05344049300230693059B092B1A
:107F100069D8052BC4BF043B0593059BA3F102035D
:107F2000CCBF00250125032B69D8DFE803F02C4ED8
:107F30004C5ADDE912531D4405F23243202BC1BFD8
:107F4000C3F1400305F2124009FA03F326FA00F0E8
:107F5000DABFC3F1200306FA03F018430FF064FA06
:107F600001230646A1F1F877013D109371E7012343
:107F7000B6E70E90B5E7CAF1000306930023A8EB1D
:107F80000A080D93C2E700230893099B002B39DCF4
:107F90004FF00109CDF804904B46CDF82490606A6B
:107FA00000224260042202F114069E4241682FD949
:107FB000204600F01BFD009000284BD1244B0246C8
:107FC0004FF4D571D1E60123DEE700230893099B26
:107FD0000AEB030909F10103012B0193B8BF012347
:107FE000DDE70123F2E701250023059308954FF013
:107FF000FF390022CDF8049012230992CFE7012324
:108000000893F4E7DDF82490CDF804904B46C6E7DA
:10801000013141605200C6E761436F63A787D23FD9
:10802000B3C8608B288AC63FFB799F501344D33F67
:10803000217E0300387E03000000F07F1D7E0300D8
:10804000147E0300F17D03000000F83F287F030049
:10805000917E0300636A009A1A60019B0E2B00F266
:10806000AD80002D00F0AA80BAF1000F36DDC34AC2
:108070000AF00F0302EBC30393ED007B1AF4807F39
:108080004FEA2A17B0EE478AF0EE678A16D0BC4B4B
:10809000DDE90A01D3E908230FF06AFBCDE902010B
:1080A00007F00F070325B64E57B9DDE9020153EC7F
:1080B000182B0FF05DFBCDE9020129E00225F2E764
:1080C000F90708D551EC180BD6E900230FF026FA72
:1080D00041EC180B01357F100836E5E700F0A6806B
:1080E000CAF10006A54BA64F06F00F0203EBC20330
:1080F000D3E90023DDE90A010FF010FACDE902010E
:10810000361100230225002E40F08580002BD2D1AD
:108110000E9B002B00F08C80DDE90267994B00225A
:10812000304639460FF06CFC002800F08180019B3E
:10813000002B7DD0B9F1000F3CDD0AF1FF3307932E
:108140000022914B304639460FF0E8F9CDE90201A3
:108150000135CDF83090DDE9026728460FF074F95B
:1081600032463B460FF0DAF9884B00220FF020F838
:10817000A1F15073CDE9020103930C9B002B5CD15C
:10818000834B0022304639460FF010F8DDE9022318
:1081900006460F460FF052FC002840F09682DDE9BB
:1081A0000221304601F1004339460FF029FC002836
:1081B00040F08882DDE90A23CDE90223139B002BDE
:1081C000C0F25881BAF10E0F00F354816B4B03EBF0
:1081D000CA03D3E90089099B002B80F2E380019B4D
:1081E000002B00F3DF8040F06D82694B0022404697
:1081F00049460FF093F9DDE902230FF015FC019ECB
:108200003746002840F04382009D312305F8013BAA
:108210000AF1010A3FE2F20705D5D7E900230FF082
:108220007DF901350123761008376CE702256FE7E9
:10823000019BCDF81CA00C938DE700990C980C9A2B
:108240004E4B9DED027B014402910899B0EE478AA6
:10825000F0EE678A03EBC20353E90223002945D0FD
:108260004C4900200FF084FA53EC182B0EF09EFFBF
:10827000009D41EC180B394630460FF0FFFB0C9087
:108280000FF0E2F802460B46304639460EF08EFFFC
:108290000C9B303305F8013B53EC182B06460F4678
:1082A0000FF0AEFB002865D132463B463549002031
:1082B0000EF07CFF53EC182B0FF0A2FB002840F0CF
:1082C000B980029B9D423FF475AF2F4B51EC180BC8
:1082D00000220FF023F92C4B41EC180B0022304602
:1082E00039460FF01BF906460F46C4E751EC170B51
:1082F0000FF014F9029B009D0C9341EC180B3946CA
:1083000030460FF0BBFB11900FF09EF802460B4673
:10831000304639460EF04AFF119B303305F8013BD9
:10832000029B9D4206460F464FF0000234D1194B86
:1083300051EC180B0EF03CFF02460B463046394616
:108340000FF07CFB002875D153EC182B114900204D
:108350000EF02CFF02460B46304639460FF050FB1C
:1083600000283FF427AF0C9D6B1E0C9315F8013CC1
:10837000302BF8D0DDF81CA04AE000BF287F0300B6
:10838000007F03000000F03F0000244000001C407C
:10839000000014400000E03FAF4B0FF0BFF806466E
:1083A0000F46ACE7DDE90267009D42464B4630468A
:1083B00039460FF0DDF90FF061FB02900FF044F841
:1083C00042464B460FF0AAF802460B463046394665
:1083D0000EF0ECFE029E019F303605F8016B009E08
:1083E000AE1BB74202460B4637D10EF0E1FE4246C5
:1083F0004B4606460F460FF021FBC8B942464B4696
:10840000304639460FF0F2FA10B1029BD9070FD46B
:108410002046594600F02AFB00232B700F9B0AF1DF
:1084200001001860219B002B3FF4D8AC1D60D5E4FF
:10843000CDF81CA02B461D4613F8012D392A08D172
:10844000009A9A42F7D1079A009901320792302296
:108450000A701A7801321A708CE77F4B00220FF0F5
:108460005DF80022002306460F460FF0BFFA0028F1
:108470009BD0CDE7089A002A00F0C480059A012A13
:1084800000F3A880109A002A00F0A08003F2334382
:10849000069E4546049A01211A44204698440492B7
:1084A00000F0A0FB0746002D0BDD049B002B08DD30
:1084B000AB42049AA8BF2B46A8EB0308ED1AD31AC7
:1084C0000493069BFBB1089B002B00F09F80002EBD
:1084D00011DD39463246204600F040FC5A4601463E
:1084E0000746204600F094FB59460790204600F0CE
:1084F000BDFA079B9B46069B9A1B04D05946204613
:1085000000F02CFC83460121204600F06BFB0D9B04
:10851000002B06467CDD1A460146204600F01EFC74
:10852000059B012B064676DD00230693336906EB97
:108530008303186900F006FBC0F12000049B184477
:1085400010F01F0000F08680C0F12003042B7FDDB7
:10855000C0F11C00049B0344804405440493B8F11B
:10856000000F05DD59464246204600F051FC834687
:10857000049B002B05DD31461A46204600F048FCDE
:1085800006460E9B002B69D03146584600F0ACFCE5
:10859000002863DA002359460A22204600F088FAB0
:1085A000089B0AF1FF3A8346002B00F08F81394681
:1085B00000230A22204600F07BFAB9F1000F07469B
:1085C00000F38E80059B022B50DC89E0129BC3F1E7
:1085D00036035DE7019B5E1E069BB342BFBF069B51
:1085E0000696F21A0D9BB6BF9B189E1B0D93019B1E
:1085F000B8BF0026002BB5BFA8EB0305019B0023E5
:10860000454647E7069E089F45464CE7069A75E7AC
:10861000059B012B18DC029BB3B9039BC3F3130327
:10862000A3B9039B23F000431B0D1B052BB1049B37
:108630000133049308F10108012306930D9B002BDD
:108640007FF474AF012079E70023F6E7029BF4E79B
:1086500085D018461C307DE700002440019B002B8C
:1086600038DC059B022B35DDDDF80490B9F1000FF5
:108670000DD131464B460522204600F019FA01463D
:108680000646584600F030FC00283FF7BDAD099B78
:10869000009D6FEA030A4FF000083146204600F0C3
:1086A000E5F9002F3FF4B4AEB8F1000F05D0B8459E
:1086B00003D04146204600F0D9F93946204600F063
:1086C000D5F9A5E600263746E1E70C9EDDF81CA0AB
:1086D000374699E5089BDDF80490002B00F0FD80FB
:1086E000002D05DD39462A46204600F091FB07465D
:1086F000069B002B5CD07968204600F077F9054690
:1087000028B9804B024640F2EA21FFF72EBB3A69B6
:108710000232920007F10C010C3000F059F90122ED
:108720002946204600F074FB009B01330193009B17
:108730004B440793029B03F00103B8460693074698
:10874000019B3146013B58460293FFF769FA034605
:108750003033049041465846089300F0C5FB3A4632
:1087600081463146204600F0DBFBC268089B054687
:1087700002BB0146584600F0B7FB089B024629465B
:108780002046CDE9083200F071F9059B099A019D58
:1087900043EA0201069B0B43089B0DD1392B29D0DC
:1087A000B9F1000F01DD049B3133029A137074E7B5
:1087B0003846B9E70122E2E7B9F1000F06DB059977
:1087C00041EA0909069959EA010120D1002AECDDA4
:1087D000594601222046019300F01AFB3146834698
:1087E00000F082FB0028019B02DCDED1DA07DCD539
:1087F000392BD8D1029A392313702B461D46013BE1
:1088000015F8012C392A50D001321A7045E7002A98
:1088100003DD392BEED00133C7E7019A079902F83F
:10882000013C8A422AD0594600230A22204600F001
:108830003FF9B84583464FF000034FF00A02414626
:10884000204607D100F034F980460746019B0133EA
:10885000019375E700F02CF93946804600230A227F
:10886000204600F025F90746F0E7B9F1000F009A1D
:10887000CCBF4D46012515444FF000085946012252
:108880002046019300F0C4FA3146834600F02CFBE9
:108890000028B2DC02D1019BDB07AED42B461D467B
:1088A00013F8012D302AFAD0F7E6009A9A42A5D1A2
:1088B0000AF1010A312379E7134BFFF7AFBA219B85
:1088C000002B7FF486AA114BFFF7A8BAB9F1000F6D
:1088D00003DC059B022B3FF7C9AE009D314658468D
:1088E000FFF79EF900F1300305F8013B009AAA1A40
:1088F0009145BADD594600230A22204600F0D8F8F7
:108900008346EBE7917E0300F07D0300147E0300B5
:10891000004870479C2D0020024B0146186800F06B
:1089200043BC00BF482C00200000000000000000F5
:1089300001F0FF01102A2BDB10F0070F08D010F810
:10894000013B013A8B422DD010F0070F42B3F6D114
:10895000F0B441EA012141EA014122F007047FF02D
:1089600000070023F0E80256083C85EA010586EA84
:10897000010685FA47F5A3FA87F586FA47F6A5FAC0
:1089800087F68EB9EED1F0BC01F0FF0102F00702CC
:1089900032B110F8013B013A83EA010313B1F8D177
:1089A0000020704701387047002D06BF3546033858
:1089B000073815F0010F07D1013015F4807F02BF91
:1089C000013015F4C03F0130F0BC0138704700BFE2
:1089D0000A44914200F1FF3300D1704710B511F8FD
:1089E000014B03F8014F9142F9D110BD70B5466AB1
:1089F00004460D4676B91020FFF78EFF02466062EE
:108A000020B9184B1848662100F038FCC0E901660F
:108A10000660C660666AF36883B1636ADB6853F810
:108A20002500B8B9012101FA05F6721D9200204611
:108A300000F05AFB60B1C0E901560EE0212204218A
:108A4000204600F051FB636AF060DB68002BE4D144
:108A5000002070BD026843F825200023C0E90333DD
:108A6000F7E700BF217E0300A27E030070B5466ACF
:108A700005460C4676B91020FFF74EFF02466862A5
:108A800020B9094B09488A2100F0F8FBC0E90166CA
:108A90000660C6603CB16B6A6268DB6853F82210FE
:108AA000216043F8224070BD217E0300A27E0300B6
:108AB0002DE9F0410E69074698460C4601F1140075
:108AC00000230568A9B202FB01814FEA114C2D0C6D
:108AD00002FB05C589B2013301EB05419E4240F816
:108AE000041B4FEA1548ECDCB8F1000F22D0A36854
:108AF000B34219DC616838460131FFF777FF05465C
:108B000028B902460D4B0E48B52100F0B7FB22698B
:108B1000023204F10C0192000C30FFF759FF21469C
:108B20003846FFF7A3FF2C4604EB86030136C3F853
:108B3000148026612046BDE8F08100BF917E0300CD
:108B4000A27E0300030C1B04D3B90004102310F011
:108B50007F4F04BF0002083310F0704F04BF0001C4
:108B6000043310F0404F04BF80000233002805DBBF
:108B700010F0804F03F1010308BF2023184670470F
:108B80000023E4E7036813F0070201460BD0DA077D
:108B900024D4980749BF5B089B0801200B605CBF89
:108BA0000B600220704798B2B0B91B0C102013F074
:108BB000FF0F04BF1B0A08301A0704BF1B0904304B
:108BC0009A0704BF9B080230DA0703D45B0800F160
:108BD000010005D00B6070471046E8E700207047A1
:108BE0002020704710B50C460121FFF7FFFE02461A
:108BF00028B9054B05484FF4A07100F03FFB012355
:108C00004461036110BD00BF917E0300A27E03009A
:108C10002DE9F04F14460A6923699A42B8BF0B4602
:108C20000D46BCBF25461C46D5F810A0D4F81090C0
:108C3000AB6869680AEB0907BB4285B0B8BF013170
:108C4000FFF7D4FE30B90246424B434840F25D1173
:108C500000F014FB00F1140606EB870833460022EF
:108C600043451ED305F1140C04F114030CEB8A0CDC
:108C700003EB89020292ACEB0502153A22F00302E3
:108C8000043205F115018C4538BF04220192029A85
:108C900003939A4208D8002F55DC076105B0BDE860
:108CA000F08F43F8042BDBE7B3F800A0BAF1000F14
:108CB00020D005F1140EB14600225EF8044BD9F81D
:108CC00000B0A1B21FFA8BFB0AFB01B11144D9F825
:108CD0000020240C120C0AFB042404EB114489B27A
:108CE00041EA0441F44549F8041B4FEA1442E4D830
:108CF00001997250039AB2F802900433B9F1000F4F
:108D00001FD0346805F11401B6464FF0000A0A88F6
:108D1000BEF802B009FB02B29244A4B244EA0A448B
:108D20004EF8044B51F8044BBEF80020240C09FB0C
:108D3000042404EB1A448C454FEA144AE7D8019AFC
:108D4000B4500436A3E758F8043D002BA5D1013FE9
:108D5000A1E700BF917E0300A27E03002DE9F84346
:108D6000154612F0030206460F4607D0254C013A7D
:108D7000002354F82220FFF79BFE0746AD103DD09C
:108D8000746A7CB91020FFF7C7FD0246706228B9EB
:108D90001D4B1E484FF4D77100F070FAC0E9014432
:108DA0000460C460D6F82480D8F808404CB940F27A
:108DB00071213046FFF716FF0023C8F8080004466B
:108DC00003604FF00009EB070AD5394622463046CA
:108DD000FFF71EFF394680463046FFF747FE4746FD
:108DE0006D100BD0206838B9224621463046FFF777
:108DF0000FFF2060C0F800900446E4E73846BDE865
:108E0000F88300BFF07F0300217E0300A27E0300F1
:108E10002DE9F0470C464968236903EB6218A36803
:108E2000074691464FEA621A08F10106B3420BDB8E
:108E30003846FFF7DBFD054648B90246284B29486E
:108E400040F2D91100F01AFA01315B00EEE700237D
:108E500000F1140100F110021846534533DB20697C
:108E60002AEAEA7A04F1140319F01F0901EB8A01D6
:108E700003EB800C2BD0C9F1200E8A460022186823
:108E800000FA09F002434AF8042B53F8042B9C45DE
:108E900022FA0EF2F3D8ACEB0403153B23F00303E4
:108EA000043304F11500844538BF0423CA500AB1C5
:108EB00008F10206013E38462E612146FFF7D6FD35
:108EC0002846BDE8F08742F8040F0133C5E70439AE
:108ED00053F8042B41F8042F9C45F9D8EAE700BF6A
:108EE000917E0300A27E030030B502690C69121B5B
:108EF0000ED100F11403143103EB840001EB840163
:108F000050F8045D51F8044DA54203D005D3012269
:108F1000104630BD8342F3D3FAE74FF0FF32F7E754
:108F20002DE9F84F0C460646114620461746FFF736
:108F3000DBFF051E10D129463046FFF757FD30B93B
:108F4000394B024640F23221384800F097F90123AC
:108F5000C0E90435BDE8F88FA4BF3B46274630463C
:108F60007968A6BF1C4600250125FFF73FFD20B903
:108F70002D4B02464FF41071E6E73E69C560256946
:108F800007F1140104F1140900F1140E07F11002A5
:108F900001EB860C09EB8505F246002759F8043BE6
:108FA00052F804BF1FFA83F817FA8BF71B0CA7EBD4
:108FB0000808C3EB1B4303EB28431FFA88F81F1470
:108FC0004D4548EA03434AF8043BE7D82B1B153BC1
:108FD00023F0030304331534A54238BF0423194496
:108FE00073449E460D4665450ED30CF10302521A9A
:108FF00022F0030203398C4538BF00221A4452F88C
:10900000043D7BB10661A5E755F8048B17FA88F497
:10901000221402EB1842A4B244EA02444EF8044B74
:109020001714E0E7013EEAE7917E0300A27E030009
:109030002DE9F7438946012157EC106B9046FFF765
:10904000D5FC044630B90246254B264840F20A3189
:1090500000F014F9C7F30A55C7F3130335BB002E0C
:10906000019328D068460096FFF78CFD009900B365
:10907000019AC0F1200302FA03F30B43C24063617B
:109080000192019BA361002B14BF022201222261E5
:10909000D5B1A5F233450544C9F80050C0F13500FB
:1090A000C8F80000204603B0BDE8F08343F4801305
:1090B000D5E76161E5E701A8FFF764FD019B636106
:1090C000012222612030E3E704EB8203A0F2324068
:1090D000C9F800001869FFF735FDC0EB4210DFE763
:1090E000917E0300A27E030013B54A43114601920C
:1090F00000F05AF8044618B1019A0021FEF716F95B
:10910000204602B010BD000037B5002948D051F804
:10911000043C0190002BA1F10404B8BFE41800F056
:10912000EFF8204A01981368154633B9636014605C
:1091300003B0BDE8304000F0E9B8A3420BD9216884
:109140006218934204BF1A685B68636004BF5218D8
:1091500022602C60ECE71A465B680BB1A342FAD997
:1091600011685518A5420BD1246821445418A34214
:109170001160DDD11C685B68536021441160D7E742
:1091800002D90C230360D3E7256861198B4204BF21
:1091900019685B68636004BF491921605460C7E7C0
:1091A00003B030BD742F0020F8B5CD1C25F00305A9
:1091B00008350C2D38BF0C25002D064601DBA942D1
:1091C00003D90C2333600020F8BD00F099F8214941
:1091D0000A6814469CB9204F3B6823B921463046A3
:1091E00000F03CF838602946304600F037F8431C60
:1091F00023D10C233360304600F088F8E3E723687E
:109200005B1B17D40B2B03D923601C44256004E09F
:109210006368A2420CBF0B605360304600F076F8E2
:1092200004F10B00231D20F00700C21ACCD01B1A3A
:10923000A350C9E722466468CCE7C41C24F00304A9
:10924000A042E3D0211A304600F008F80130DDD109
:10925000CFE700BF742F0020782F002038B5064DCF
:109260000023044608462B6000F0F0FD431C02D1A9
:109270002B6803B1236038BD44AA02201FB51446F1
:109280001A46094B1B680546D8684CB1074B00913C
:10929000CDE9013406492B4600F00EF800F06EFAD5
:1092A000044B1C46F3E700BF482C0020FC7F030062
:1092B00009800300378003000EB403B5014603ABF9
:1092C000054853F8042B0068019300F04FF802B0F2
:1092D0005DF804EB03B07047482C002082B001B960
:1092E00001A942B14BB113780B601278101E18BF60
:1092F000012002B070471046FBE76FF00100F8E76D
:10930000014800F0FBBB00BF4CAA0220014800F05E
:10931000F6BB00BF4CAA02209368013B002B10B49F
:10932000936008DA9469A34201DB0A2903D15DF84E
:10933000044B00F055B91368581C106019700846AA
:109340005DF8044B7047F8B506460F461446D5182D
:10935000AC4201D1002007E014F8011B3A46304628
:10936000FFF7DAFF431CF3D1F8BD00002DE9F04F01
:109370000D469DB014469846064618B183690BB950
:1093800000F01EFB894B9D421BD175686B6ED9079F
:1093900005D4AB899A0502D4A86D00F0AFFBAB8968
:1093A0001B0701D52B69EBB92946304600F078F947
:1093B000C0B16B6EDC070ED54FF0FF301DB0BDE8BD
:1093C000F08F7B4B9D4201D1B568DFE7794B9D4221
:1093D00008BFF568DAE7AB899805EDD4A86D00F011
:1093E0008EFBE9E70023099320238DF82930CDF87F
:1093F0000C803023DFF8C0818DF82A304FF001094E
:1094000023469A4613F8012B0AB1252AF9D1BAEB63
:10941000040B0BD05B46224629463046FFF793FFEC
:10942000013000F0AA80099A5A4409929AF8003053
:10943000002B00F0A28000234FF0FF32CDE905237E
:109440000AF1010A049307938DF853301A93544696
:10945000052214F8011B5848FFF76AFA049AD8B994
:10946000D10644BF20238DF85330130744BF2B236C
:109470008DF853309AF800302A2B15D0079A5446AD
:1094800000204FF00A0C214611F8013B303B092B1C
:109490004ED9B0B1079214E0A0EB080309FA03F328
:1094A00013430493A246D2E7039B191D1B68039143
:1094B000002BBBBF5B4242F0020207930793B8BF89
:1094C000049223782E2B0CD163782A2B35D1039B61
:1094D0001A1D1B680392002BB8BF4FF0FF330234F4
:1094E0000593DFF8E4A0217803225046FFF720FA25
:1094F00040B14023A0EB0A0003FA00F0049B0343B1
:109500000134049314F8011B2C488DF8281006220E
:10951000FFF70EFA00283FD0294B1BBB039B0733F4
:1095200023F0070308330393099B3B44099367E740
:109530000CFB02320C460120A5E700230134059301
:1095400019464FF00A0C204610F8012B303A092A30
:1095500003D9002BC5D00591C3E70CFB01210446BC
:109560000123F0E703AB00932A46164B04A93046CB
:10957000FDF784FF0746781CD6D16B6ED90705D45A
:10958000AB899A0502D4A86D00F0B9FAAB895B06E5
:109590003FF512AF099811E703AB00932A46094B38
:1095A00004A93046FEF70EFAE4E700BF7481030019
:1095B0009481030054810300428003004C80030027
:1095C0007D740200479302004880030010F8012BCD
:1095D00011F8013B012A28BF9A42F7D0D01A7047F0
:1095E000F8B50E461446054618B183690BB900F06C
:1095F000E7F9214B9C422BD16C68A369A360A38936
:109600001A072FD523696BB323692068C01A6369D1
:10961000F6B28342374604DC2146284600F03CF986
:1096200030BBA368013BA36023685A1C22601E70F4
:1096300063690130834204D0A389DB0706D50A2E73
:1096400004D12146284600F027F988B93846F8BDEC
:109650000A4B9C4201D1AC68CFE7094B9C4208BF42
:10966000EC68CAE72146284600F01AF80028CBD05B
:109670004FF0FF37EAE700BF7481030094810300D5
:109680005481030049B1FF2A85BF8A2303600A7011
:109690004FF0FF3098BF0120704708467047000028
:1096A000324B70B51D6806460C4625B1AB6913B93F
:1096B000284600F085F92E4B9C420FD16C68A38997
:1096C000B4F90C2019072CD4DD0611D4092333601A
:1096D00042F04003A3814FF0FF303EE0254B9C4217
:1096E00001D1AC68EBE7244B9C4208BFEC68E6E78D
:1096F000580712D5616B41B104F14403994202D07D
:109700003046FFF701FD00236363A38923F02403A0
:10971000A3810023636023692360A38943F00803C6
:10972000A38123694BB9A38903F42073B3F5007FA8
:1097300003D02146304600F007FAA089B4F90C2086
:1097400010F001030AD00023A36063695B42A361A8
:10975000236943B910F08000BAD170BD810758BFAA
:109760006369A360F4E70020F7E700BF482C0020FE
:1097700074810300948103005481030008B506201E
:1097800000F064FA012000F077FB00008A892DE9DF
:10979000F041054610070C4658D44B68002B05DCF9
:1097A0000B6C002B02DC0020BDE8F081E66A002E85
:1097B000F9D0002312F480522F682B6032D0606DF4
:1097C000A3895A0705D56368C01A636B0BB1236C74
:1097D000C01A00230246E66A216A2846B047431CA5
:1097E000A38906D129681D292CD82A4ACA40D60740
:1097F00028D500226260D9042269226004D5421C67
:1098000001D12B6803B96065616B2F600029CAD054
:1098100004F14403994202D02846FFF775FC00206A
:109820006063C1E7216A01232846B047411CC7D1C4
:109830002B68002BC4D01D2B01D0162B01D12F601B
:10984000B1E7A38943F04003A381ADE70F69002F7F
:10985000A9D093070E6808BF4B690F6018BF00239B
:10986000A6EB07088B60B8F1000F9CDD216AA66AA1
:1098700043463A462846B047002806DCA38943F011
:109880004003A3814FF0FF308EE70744A8EB0008A8
:10989000E9E700BF0100402038B50B6905460C46DA
:1098A00013B90025284638BD18B183690BB900F0FB
:1098B00087F8144B9C421BD16C68B4F90C30002B18
:1098C000EFD0626ED00704D4990502D4A06D00F0E9
:1098D00015F928462146FFF759FF636EDA0705465A
:1098E000E0D4A3899B05DDD4A06D00F008F9D9E789
:1098F000054B9C4201D1AC68DFE7044B9C4208BF9A
:10990000EC68DAE77481030094810300548103005A
:10991000002310B50446C0E90033C0E90433836076
:1099200081814366C2818361194608225C30FDF75C
:10993000FDFC054B6362054BA362054BE362054BDF
:109940002462236310BD00BF859C0200A79C020017
:10995000DF9C0200039D0200014900F0AFB800BF88
:109960009998020070B54A1E682555430E4605F1C8
:109970007401FFF719FC044640B10021C0E900164C
:109980000C30A06005F16802FDF7D0FC204670BDE8
:10999000014800F0B3B800BF50AA0220014800F00F
:1099A000AEB800BF50AA0220014800F0A7B800BF1F
:1099B0004BAA0220014800F0A2B800BF4BAA022027
:1099C00010B50446FFF7F0FFA3691BB1BDE81040D6
:1099D000FFF7F0BFC4E912332365134B134A1B682A
:1099E000A262A34204BF0123A361204600F020F835
:1099F0006060204600F01CF8A060204600F018F8D7
:109A00000022E06004216068FFF782FFA068012265
:109A10000921FFF77DFFE06802221221FFF778FF9E
:109A20000123A361D2E700BFDC7D03005999020046
:109A3000F8B50746FFF7ACFF1E4B1E68B36913B9B4
:109A40003046FFF7BDFF4836D6E90134013B03D568
:109A500033680BB33668F7E7B4F90C50D5B9164B39
:109A6000E36004F15800656600F047F8FFF796FFE1
:109A7000C4E90155C4E904552560A56108222946B9
:109A800004F15C00FDF752FCC4E90D55C4E9125520
:109A90002046F8BD6834D9E704213846FFF762FF55
:109AA000044630600028D5D1FFF778FF0C233B60D7
:109AB000EEE700BFDC7D03000100FFFF2DE9F84366
:109AC0000646884600F148040027D4E90195B9F11B
:109AD000010905D52468002CF7D13846BDE8F88384
:109AE000AB89012B07D9B5F90E30013303D02946D4
:109AF0003046C04707436835E9E77047704770470D
:109B000070B50E46B1F90E10002996B014461D46E8
:109B100007DA00232B60B3891A0610D44FF4806350
:109B20000EE06A4600F014F90028F2DB019A02F414
:109B30007042A2F500535A425A412A60EEE7402390
:109B40000020236016B070BD8B8973B59D07064653
:109B50000C4607D504F147032360236101236361A9
:109B600002B070BD01AB6A46FFF7CAFF0099054617
:109B70003046FFF719FB48B9B4F90C309A05EFD419
:109B800023F0030343F00203A381E3E70D4BB36229
:109B9000A389206043F08003A381009B6361019B44
:109BA00020615BB1B4F90E10304600F0E3F828B143
:109BB000A38923F0030343F00103A381A089054394
:109BC000A581CDE759990200884210B501EB020446
:109BD00002D98442234607D8431EA14208D011F877
:109BE000012B03F8012FF8E7024401468A4200D115
:109BF00010BD13F8014D02F8014DF7E71F2938B5E4
:109C000004460D4604D9162303604FF0FF3038BDDB
:109C1000426C12B152F821304BB9204600F030F8B6
:109C20002A4601462046BDE8384000F017B8012B0F
:109C30000AD0591C03D1162303600120E7E7002452
:109C400042F82540284698470020E0E7024B0146AD
:109C50001868FFF7D3BF00BF482C002038B5074D68
:109C600000230446084611462B6000F0D7F8431C39
:109C700002D12B6803B1236038BD00BF44AA022083
:109C800000F0BCB810B50C46B1F90E1000F094F815
:109C90000028ABBF636DA3891B1823F48053ACBFAE
:109CA0006365A38110BD2DE9F0411F468B89DB055B
:109CB00005460C46164605D5B1F90E1002230022C2
:109CC00000F068F8A389B4F90E1023F48053A3813F
:109CD00032463B462846BDE8F04100F017B810B5C3
:109CE0000C46B1F90E1000F055F8431CA38915BFBE
:109CF000606523F4805343F48053A38118BFA3818C
:109D000010BDB1F90E1000F013B8000038B5074DC2
:109D100004460846114600222A601A4600F0A4F8BC
:109D2000431C02D12B6803B1236038BD44AA022032
:109D300038B5064D0023044608462B6000F04EF867
:109D4000431C02D12B6803B1236038BD44AA022012
:109D500038B5074D00230446084611462B6000F035
:109D600045F8431C02D12B6803B1236038BD00BF06
:109D700044AA022038B5064D0023044608462B604D
:109D800000F044F8431C02D12B6803B1236038BDB6
:109D900044AA022038B5074D044608461146002261
:109DA0002A601A4600F042F8431C02D12B6803B126
:109DB000236038BD44AA022038B5074D0446084642
:109DC000114600222A601A4600F038F8431C02D1DE
:109DD0002B6803B1236038BD44AA0220024B5822ED
:109DE0001A604FF0FF30704744AA0220024B5822FD
:109DF0001A604FF0FF30704744AA0220024B5822ED
:109E00001A604FF0FF30704744AA0220024B5822DC
:109E10001A600020704700BF44AA0220024B58225B
:109E20001A604FF0FF30704744AA0220024B5822BC
:109E30001A604FF0FF30704744AA0220024B5822AC
:109E40001A604FF0FF30704744AA0220044A0549C7
:109E50001368002B08BF0B46184410601846704763
:109E60007C2F002060AA0220024B58221A604FF07B
:109E7000FF30704744AA0220FEE700BF0649074AA8
:109E8000074B9B1A03DD043BC858D050FBDC02F0A3
:109E900033FBFDF7D9F90000948F0300482C002014
:109EA000582F0020FEE7FEE7FEE7FEE7FEE7FEE7AD
:109EB000FEE7FEE7FEE7FEE700B585B003460021BA
:109EC00001AA44F20100CDE90111039300F004F866
:109ED00005B05DF804FB00BF72B6094B1B68DB07D9
:109EE00000D500BEBFF34F8F0649074BCA6802F486
:109EF000E0621343CB60BFF34F8F00BFFDE700BFAD
:109F0000F0ED00E000ED00E00400FA05D0E90223E6
:109F1000D1E90201994208BF90422CBF01200020E4
:109F2000704700BF10B5044682B000230DF1070052
:109F30008DF8073000F096FA23692BB94FF0FF3205
:109F40004FF0FF33C4E902239DF8070000F0B0FA98
:109F5000D4E90530984700230DF107008DF807304C
:109F600000F080FA2369B3B1D4E902014A1C08BFAA
:109F7000B0F1FF3F0FD0C01841F10001C4E9020168
:109F80009DF8070000F094FA0648214602F088FA8E
:109F9000012002B010BD9DF8070000F089FA0020F2
:109FA00002B010BDB88103002DE9F04F87B006461E
:109FB00000F08EFB40B1AA4AD2E9003113F1807360
:109FC00041F10001C2E900310021304600F09CFB64
:109FD000A44C60B3236853B3A34B25681B7823B309
:109FE0001DB3A24800F0A0FB9D4BA149D3E900237B
:109FF000D1E90089121843F100034B4508BF4245DF
:10A0000003D212F1807243F10003D5E902018B42C1
:10A0100008BF824280F02081013108BFB0F1FF3FCC
:10A0200003D09448294602F03BFA00232360012123
:10A03000304600F069FB002840F0F2808E4805A908
:10A0400001F02CF978B38C4D4FF0FF384FF0FF3909
:10A050000BE0002B00F0958005A9284601F04EF991
:10A0600005A9284601F01AF9E8B10378012B11D0AF
:10A07000022BEED17F4F384602F026FA30B1C0E90C
:10A080000289384602F020FA0028F8D1764B0122E6
:10A090001A70E1E741682368994200F0B68075487C
:10A0A00002F01CFAD8E7DFF8CC81704FDFF8B091EE
:10A0B000404602F00FFA002859D0D0E90223591C7B
:10A0C00008BFB2F1FF3F58D0216891B12168D1E9B2
:10A0D00002018B4208BF82424CD22368D3E902239B
:10A0E000013308BFB2F1FF3F03D02168404602F0C0
:10A0F000D7F9404602F0E8F905463846AA68EB6809
:10A100000392029300F010FBD9E900AB584BD3E95E
:10A1100000231AEB000A4BF1000B9B4508BF924548
:10A12000DDE9023203D21AF1807A4BF1000BB2EB77
:10A130000A0163EB0B0301930091DDE900010128A3
:10A1400071F100032ADBB0F5350F58D24FF49603B6
:10A150000021384600F036FA00284AD00D2821D0D8
:10A1600000234046236002F0B5F90028A5D12368FA
:10A17000002B6DD007B0BDE8F08F404602F0A4F987
:10A1800096E74168D1E90223013308BFB2F1FF3FEE
:10A190003FF462AF374802F083F95DE700213846AB
:10A1A00000F0A6FA304B1B78002BD9D0384600F0CF
:10A1B000BBFAD9E900232E49D1E900AB121843F1CB
:10A1C00000035B4508BF524503D212F1807243F190
:10A1D0000003D5E902018B4208BF82421CD2013143
:10A1E00008BFB0F1FF3FBBD02946404602F058F906
:10A1F000B6E7236863B1256007B0BDE8F08F384645
:10A2000000F092FA1D4A0244A0E70023236023E7EE
:10A21000304600F0A9F9EEE72846FFF783FE9FE7F6
:10A220001248134D00F080FA0D4BD3E90089D5E9AF
:10A23000002318EB000849F10009994508BF904533
:10A2400003D218F1807849F10009C5E90089F5E6E3
:10A25000304600F08DF98DE72846FFF763FEE4E60F
:10A26000882F002008300020902F0020182E00207A
:10A2700000300020B8810300EC2F0020FFFFB40065
:10A2800010B5134B13491B68134882B05822019331
:10A29000082300F0ADFF044610B1204602B010BD07
:10A2A0000E4A0F4801A900F01BF904460028F4D11A
:10A2B0000B48012100F002FA01231946094A084817
:10A2C00000F05AF9084B012220461A7002B010BD66
:10A2D000B4810300942F0020EC2F0020A99F0200DE
:10A2E000182E0020FFFF7F00902F00208AB130B48D
:10A2F000A1F101010368B1FA81F14FF0FF344FF091
:10A30000FF354909C3E90412C3E90245002030BC06
:10A3100070470720704700BF2DE9F04383B0054622
:10A32000002401A817460E468DF8044000F09AF864
:10A33000D5E90223013308BFB2F1FF3F07D09DF8F2
:10A34000040000F0B5F8204603B0BDE8F0831D48D6
:10A3500000F0EAF91C4B1D49D3E90023D1E900893B
:10A36000121843F100034B4508BF424525D392190B
:10A3700043F10003C5E902239DF8040000F098F8BA
:10A380002B69AF6103B12E61114801A900F048FFAC
:10A3900078B100244560047001A90D4800F06EFFFB
:10A3A0000028D1D0074800F0C3F9204603B0BDE82B
:10A3B000F083042003B0BDE8F08312F180726341A2
:10A3C000D5E700BF182E0020882F00200030002085
:10A3D000EC2F002030B583B00446002501A88DF88D
:10A3E000045000F03FF8D4E90223013308BFB2F172
:10A3F000FF3F1BD04FF0FF324FF0FF339DF80400BA
:10A40000C4E9022300F054F80F4801A900F008FF46
:10A4100048B101234460037001A90B4800F02EFFEE
:10A4200058B903B030BD042003B030BD9DF804001E
:10A4300000F03EF8284603B030BD044800F078F93B
:10A44000284603B030BD00BFEC2F0020182E00209E
:10A45000401A20F07F407047014800F065B900BF06
:10A46000182E002070B4EFF3108472B60D4B9A686A
:10A47000AAB90D490D4E01259D60D1F88050354097
:10A480001D60C1F88060D1F884505D604FF0FF33EB
:10A49000C1F88430027004B962B670BC7047012301
:10A4A0000370F8E754AA022000E100E0FC06FFBDBB
:10A4B000094B9A687AB170B910B4EFF3108172B693
:10A4C000064A1C6814605C685460986001B962B602
:10A4D0005DF8044B7047704754AA022000E100E089
:10A4E00070B41D4C43791D4E04EBC30546F8232080
:10A4F0002D7975BB03680A88C3F8082590F90430E4
:10A500008A78002B1DDB03F1604303F561435201A0
:10A51000D2B283F8002390F90430002B07DB1049F6
:10A5200003F01F0501225B09AA4041F8232043796B
:10A5300004EBC3020121117144F83300002070BC08
:10A540007047084903F00F0352011944D2B20A764A
:10A55000E1E7082070BC70470C3000201430002068
:10A5600000E100E0FCEC00E0036801221A607047A3
:10A57000036801225A607047F0B404684FF48035D4
:10A580008D40C4F80853066801F15004C6F84853DA
:10A59000A4000668A4B20027375182B03659046877
:10A5A000019601F5A87122F07F42019E44F8212016
:10A5B0000268C2F8445313B10368C3F8045302B0ED
:10A5C000F0BC70472DE9F04704464FF48036006830
:10A5D0008E40C0F848632068C0F80863206800EB2C
:10A5E00081058A46D0F80415D5F84005C5F8401510
:10A5F0000AF15005AD002768ADB24FF0000847F8EA
:10A60000058082B0401A7F59009720F07F400128D2
:10A6100022F07F479946009A41D02268D2F804552B
:10A62000C2F844637A1B22F07F42012A0AF5A8711E
:10A6300025D0226842F821702068D0F804557A1B92
:10A64000C9F1FF13013A03F57F4322F07F429342A1
:10A6500011D342B1C0F8446323680020C3F80463F7
:10A6600002B0BDE8F087013740F821702068D0F8CB
:10A6700004359D42EED00D2002B0BDE8F087206881
:10A680000D4B013740F8217043F001034FF4806017
:10A6900098472068D0F804359D42DBD0EBE7064AA6
:10A6A0004FF4806042F001029047226842F8058032
:10A6B00052590192019AB0E7D08103000268022347
:10A6C000C2F8443311B10268C2F80433704700BFC6
:10A6D0000368D3F8040100B97047002282B0C3F8C0
:10A6E0000421D3F804310193019B012002B070478B
:10A6F00002684FF4803303FA01F1C2F8481303688B
:10A70000C3F80813704700BF50318900036889B24D
:10A71000585800B9704700225A5082B05B580193D4
:10A72000019B012002B070470368D3F8040570470D
:10A7300090F90430002B09DB5A090548403203F038
:10A740001F03012101FA03F340F82230704700BFD4
:10A7500000E100E0024A034B10681B68184700BF85
:10A760000C30002014300020F0B543688C461BB13B
:10A77000324AD468A3423CD20023314EACF80030B8
:10A7800073684FF0010E03F580544FF6FF770833DE
:10A790009C420ED8BEF1020FACF800E006F11406A0
:10A7A0004AD0736803F5805408339C424FF0020E80
:10A7B000F0D91A680132EDD05A88033203EB8202D5
:10A7C0009442E7D39D88BD4209D01D883DB19D6864
:10A7D000691C04D00168A94205D01346D8E7944209
:10A7E000D8D91346E5E7174A43601389038101204E
:10A7F000F0BD12699342BFD813F00305BCD1114AD2
:10A80000048912899442B7D104689A689442B3D1FA
:10A810000B484268934203D902F58052934207D312
:10A820008269934208D902F58052934204D20125ED
:10A83000ACF800500120F0BD0020F0BD302F00200A
:10A84000543000203C3000202DE9F04F9C4E8BB05E
:10A8500004464FF6FF773568002D00F0CB802A784C
:10A86000531E052B00F29081DFE803F05C232303E5
:10A870000341002C40F0C5802B79012B00F0BC82F5
:10A88000022B00F0DA80002B00F08E820DF114080C
:10A89000C8E902440594C8F8104048F20E640694D2
:10A8A0002B78013B052B4DD8DFE803F075668579E1
:10A8B0009949B5F814A0002C40F05082DFF82082AE
:10A8C000A97D0AEB8A0308EB83034FEA8A091C89F6
:10A8D0005B6803EB8404062900F27984DFE811F059
:10A8E00027021402FA01E701C601AC019201002C13
:10A8F00040F08780DFF8ECC19CF80C30002B00F0B2
:10A90000C4809CF800308CF80C40013B062B00F210
:10A910003B81DFE813F01503EF0224010C0139013C
:10A92000D902E900002C40F011822B79032B00F2B0
:10A930009F80DFE813F05B017200500134010523B2
:10A940008DF814305F4C04F1100554F8043B404678
:10A9500003B19847A542F8D15B495C4800243460B4
:10A9600000F0CCFC5A48012100F012FD00287FF4D1
:10A9700072AF0BB0BDE8F08F01238DF814302B8936
:10A98000ADF82030AB88ADF82230EB680793002398
:10A990008DF82430D6E700238DF81430D2E7032356
:10A9A0008DF81430EB88ADF820302B89ADF82230CB
:10A9B000EB680793C6E702238DF814302B89ADF8B6
:10A9C0002030AB88ADF82230EB680793AB7DA3F164
:10A9D0000603B3FA83F35B098DF82430B2E704234E
:10A9E0008DF81430EB88ADF820300023ADF822301C
:10A9F0000793A7E73449354800F050FC054630601E
:10AA00002DE74FF406440DF114080023C8E9003384
:10AA1000C8E90233C8F8103041E7DFF8C48098F87D
:10AA20000030022B12D098F81430022B00F0A683CD
:10AA3000284B0121002219705A600DF114080024DE
:10AA4000C8E90344C8F80840059428E700239A00A1
:10AA50001A4408EB8203002059680090082308F884
:10AA600022001D4A1D4801F02BF9002881D03568CD
:10AA7000184A0DF114080023C8E902335360059306
:10AA8000C8F8103048F20D6409E79CF80030072B35
:10AA900009D8DFE813F0D802080008000C03F6021A
:10AAA00029002900D202013B062B6DD8DFE813F004
:10AAB0004802220257003F006C000C021C0000BF3D
:10AAC00050300020243000204C3000207C3000200A
:10AAD0008C30002034300020DC810300302F002037
:10AAE000543000203C300020B94BBA4A1968BA48AB
:10AAF00000230093CCF8043007238CF8003008239F
:10AB000001F0DEF80446002C3FF433AF35680DF158
:10AB1000140841F61D5200239442C8E90333C8F8D3
:10AB20000830059308BF1C463FF4B9AE14E3BCF8E7
:10AB30000230DFF8C08203EB830308EB8308D8F808
:10AB40000C30002B40F0498204228CF80020D8F809
:10AB50000410A148012201F0E5F80446D3E7DCF82F
:10AB600004209B485388848801689B4803339BB228
:10AB70009B0001EB84010024009403248CF8004026
:10AB800001F09EF80446BEE70DF114080023C8E961
:10AB90000333C8F80830059348F20E647FE68F4B04
:10ABA0008B4C5B88DFF84C822168002203EB830327
:10ABB0002A7108EB83000092A58808F823200581FC
:10ABC0004368236002254160854AA58008238248A6
:10ABD00001F076F849E77E4A7F4811680023022495
:10ABE0002B719480012201F09DF83EE7784B794A61
:10ABF0001968794801232B7100230093082301F081
:10AC00005FF832E72A4641F61D5409EB0A0108EBCA
:10AC10008101EB880889033303440B81D144EB881D
:10AC200008EB8908C3F57F43B8F80A10FD330B44DD
:10AC30001546A8F80A306AE76A4B6B4A1C885168C7
:10AC400065486A4A00234FF0060C85F816C0009349
:10AC5000042301F035F818BB04EB840408EB8408E6
:10AC6000012388F810300BB0BDE8F08F5E48AB6967
:10AC70005C4903604FF0000BC0F804B0FFF774FDAF
:10AC8000002800F06C820223AB7504235248CDF8F3
:10AC900000B02146EA1801F013F800283FF469AE2D
:10ACA000AB7D3268022B48F20D64B7D9ADE7EB8873
:10ACB0002A6949484FF0010C04F10C01002485F881
:10ACC00016C09B00009400F0FBFF0028E8D10BB0F9
:10ACD000BDE8F08F2B694048002B14BF03230123EC
:10ACE0000022AB7504F108010092042305F10C0267
:10ACF00000F0E6FF00283FF43CAEAB7D3268022B4B
:10AD000048F20D648AD980E7032A0CBF0523062385
:10AD10000022AB7530480092211D042305F1080282
:10AD200000F0CEFF0028BBD10BB0BDE8F08F0223AE
:10AD30000022AB750423009227482146EA1800F050
:10AD4000BFFF0028ACD10BB0BDE8F08F284B00222C
:10AD50005A604FF406440DF1140856E6AB7DDFF857
:10AD60009480022B08D90AEB8A0208EB8202EB8856
:10AD7000118903330B4413814FEA8A0909EB0A0155
:10AD8000EB8808EB8101C3F57F434A890DF1140874
:10AD9000FD3313440022C8E903224B81C8F8082080
:10ADA00005924FF406447AE502232B71CDE906445F
:10ADB0000DF11408EB68059340460DF11201FFF701
:10ADC000D3FC002840F0A08148F209641DE600BFD2
:10ADD00090300020E4810300302F00203C30002020
:10ADE000DC8103009830002018300020D881030057
:10ADF0003430002054300020BC4B1B78002B00F076
:10AE00009D81DFF8ECE2BEF80490B9F1010F12D891
:10AE1000DFF8F082039409EB890208EB82021378D1
:10AE200083B109F1010399B201299946AEF80430C2
:10AE300002F11402F3D9AE4808220021FCF776FA99
:10AE40003568FAE55368DEF8001003F5805C03F11D
:10AE5000080A002900F070814B88033301EB83015D
:10AE60008C4506D8039BCEF80030DAE79C45F9D92B
:10AE700019460B680133F5D04B88033301EB83038C
:10AE80009C45EFD38C88BC42F0D0B1F800B0BBF148
:10AE9000000FEBD088680130E8D0EB88CEF80010C6
:10AEA000A342D6D100230093924A9348042300F092
:10AEB00007FF002840F0808109EB890908EB890829
:10AEC000012388F8103054E5BCF80220DFF8348202
:10AED0009300134408EB830806200023D8F80410DD
:10AEE000864A00938CF800000823834800F0E8FEAF
:10AEF000044608E6BCF80200DFF80882DCF804200B
:10AF000000EB800308EB83034FEA800E596801F5DC
:10AF10008055002A40F0E48001F10802AA426DD376
:10AF2000704408EB8008D8F80C30002B55D1042071
:10AF30008CF800000122704800F0F4FE0446E2E5BF
:10AF40009CF80A3063B1DFF8BC81D8F80C300022DD
:10AF50008CF80A2023B998F81020002A40F032819A
:10AF60009CF80B3053B1DFF89C81D8F820300022D8
:10AF70008CF80B2013B998F8243073B90DF114082C
:10AF80000023C8E90333C8F808308CF80030ACF867
:10AF90000230CCF80430059381E4012318464FEACF
:10AFA000830E0EEB030108EB8101DCF804204968F5
:10AFB000ACF8020001F58055002A00F005815088A8
:10AFC000033002EB8002954200F2DA80734408EB12
:10AFD0008308D8F80C30002BA9D0494B4648196893
:10AFE00002229A8005228CF800200023012200F022
:10AFF00099FE044687E5AB4292D21A4613680133A4
:10B000008ED05388033302EB8303AB4288D89488F5
:10B01000BC42F0D01488002CEDD094680134EAD002
:10B02000CCF80420364C5388A58821683248033375
:10B030009BB29B0001EB85019DE501238CF800305C
:10B040009CF80A307EE7DFF8BC80BCF8081098F85E
:10B05000142098F80030B2FA82F252090131B3FAA2
:10B0600083F35B098CF80B20ACF808100022012157
:10B070008CF80A30ACF802208CF80C208CF8001008
:10B0800060E7BCF80220DFF87C801D4902EB8203F8
:10B0900008EB83030C6858688D885C6008600024A6
:10B0A00002201D811C74888002FA00F311E7BCF8AD
:10B0B0000200134CDFF84C80DCF80420A38855888C
:10B0C00000EB800108EB8101033349682B444FF00A
:10B0D000020901F58055A38000FA09FE8CF8009062
:10B0E0005388033302EB830218E700BF343000209B
:10B0F0009C300020D8810300302F0020DC81030029
:10B1000090300020543000200699334A8B88EB8021
:10B110000B882B81314800940423BDF8124000F0C5
:10B12000CFFD38BB2E4B04EB840403EB84040123D6
:10B1300023740BB0BDE8F08F514691E60DF1140871
:10B14000214628480822FCF7F1F8C8E90244059492
:10B15000C8F8104048F201643568FFF7A0BB0DF154
:10B160001408C8E90200059048F20964C8F8100004
:10B17000FFF795BB356848F20D6446E4012366E4A9
:10B18000106801303FF422AF5088033002EB80009A
:10B190008542FFF41BAF9488BC4205D014881CB1D3
:10B1A000946801347FF43CAF85427FF60FAF0246CE
:10B1B00010680130E8D109E7356848F20D640DF1F7
:10B1C000140822E41846EAE601F10802FBE62A46E2
:10B1D00048F20E6419E500BFD8810300302F00202B
:10B1E000543000209C3000204068FFF72DBB00BF8A
:10B1F00099B110B4B2FBF3F403FB1424A4B244B924
:10B20000C0E9001484608281C38120465DF8044B4C
:10B21000704709205DF8044B70470E20704700BF4F
:10B2200030B482B050E8013F9DB2C489254484897E
:10B23000A54228BF2D1B0489A54202BFBFF32F8F53
:10B24000002207E0C5EA030540E80154002CE9D1DB
:10B250004FF001028DF803200193019B9DF803201C
:10B260000B602AB10B880068184402B030BC7047EC
:10B2700002F0FF03184602B030BC70470A884B88C2
:10B280009A4201D00020704750E8012FC2EA0242E2
:10B2900040E80123002BF7D10120704730B482B081
:10B2A00050E8023F1FFAA3F5C488A54202BFBFF3CE
:10B2B0002F8F00220DE0C48925448489A54228BF30
:10B2C0002D1BC3EA054540E80254002CE8D14FF09D
:10B2D00001028DF803200193019B9DF803200B6070
:10B2E0002AB14B880068184402B030BC704702F0A5
:10B2F000FF03184602B030BC704700BF0A884B8875
:10B300009A4201D00020704750E8022FC2EA224240
:10B3100040E80223002BF7D1012070474A0901239E
:10B3200001F01F0100EB820003FA01F100F014B8F4
:10B3300001F01F0201234909934000EB8100D9432A
:10B3400000F018B84B0901F01F0150F82300C84065
:10B3500000F00100704700BF10B4034653E8002F0F
:10B3600042EA010043E8000494F0000FF6D15DF8D2
:10B37000044B704710B4034653E8002F02EA010063
:10B3800043E8000494F0000FF6D15DF8044B7047D9
:10B3900010B4034653E8002FA2EB010043E8000479
:10B3A00094F0000FF6D15DF8044B704710B40346DB
:10B3B000012253E8000F40EA020143E8001494F030
:10B3C000000FF6D15DF8044B704700BF10B4034680
:10B3D000002253E8001F01EA020043E8000494F051
:10B3E000000FF6D15DF8044B704700BF2DE9F04720
:10B3F0008368D3F85434C3F340059B0788B046D420
:10B4000001293DD8254C264B264F1B1BA7FB0327A4
:10B41000172B4FEA171730D9DFF890A00646A94638
:10B420004FF064082268D4F808C013791068626885
:10B430000693ACEB000003EB8303ACEB0202A18AA2
:10B440000792C0B203EB830303900492009101358D
:10B450009B00CDF80490B3FBF2F308FB00F00593DA
:10B46000B0FBF2F02369029052460821304607F003
:10B4700053FDAF4204F11804D4D808B0BDE8F087FA
:10B48000094A022108B0BDE8F04707F045BD002297
:10B49000114608B0BDE8F04708F074BF0C8F0300F8
:10B4A0003C8F0300ABAAAAAAEC8103000082030030
:10B4B000B8B130B4D0E90112521A0468D2B2531EA6
:10B4C0002160DBB242B101680A685C1E551C0D6048
:10B4D0001370E3B2FF2BF6D103680020187130BC63
:10B4E00070470E20704700BFF0B583B004460025BA
:10B4F0000DF107008DF80750FEF7B4FFD4E90031D5
:10B500001A688A4210D9511E19602168A3680F6811
:10B5100012F8015C0A79A68AE068DB1BDBB29A426A
:10B5200006FB050538BF0B719DF80700FEF7C0FF4D
:10B53000284603B0F0BD00BF30B5054683B00023F8
:10B540000DF107000C468DF80730FEF78BFF2A68D7
:10B550001368591C1160E968AA8A641AB4FBF2F4F2
:10B560001C709DF80700FEF7A3FF03B030BD00BFBD
:10B57000826842B110B50446436901680069984782
:10B580000023A36010BD70470EB400B582B00399CC
:10B5900021B104AB01AA019300F0ACF802B05DF850
:10B5A00004EB03B0704700BF2DE9F04F164683B09F
:10B5B000B142DDE90C920F4605469A46C0F09580EF
:10B5C0000B464FF00108B3FBF6F39E4208F1010869
:10B5D000F9D9D04538BFD04612F00103019302D10A
:10B5E000B9F1000F5ED1AA68012403E00AF1FF3A25
:10B5F00006FB04F4BAF1010FF8D8B7FBF4F39E424E
:10B60000F6D9DFF8ECA007E0B442B4FBF6F31AD3A6
:10B61000AA681C46B7FBF3F31AF803B0BBF10A0F94
:10B6200004FB137728D02B68511CA96003F802B0E3
:10B63000D5E901329A42E7D32846FFF799FFB4FBD8
:10B64000F6F3B442E4D2019B9BB1B9F1000F10D0E4
:10B650002024C84509F1FF390BD2AB682A68591C70
:10B66000A960D454D5E901329A4214D2B9F1000F3D
:10B67000EFD103B0BDE8F08F511C2B68A9604FF0EB
:10B680000D019954D5E901329A42CCD32846FFF7EF
:10B690006FFFAA68C7E72846FFF76AFFB9F1000FF6
:10B6A000D7D1E6E793071AD42024AA68C84502F147
:10B6B000010199D22B68A9609C54D5E901329A42C4
:10B6C00009F1FF3903D2B9F1000FEFD18CE7284619
:10B6D000FFF74EFFAA68B9F1000FE7D184E7BAF18E
:10B6E000000F0CBF30242024DFE74FF0010870E783
:10B6F0001C830300002900F054822DE9F04FDFF88D
:10B70000B8950C7885B0064690460D464FF00D0A68
:10B7100010E00A2CB36800F0AD803268591CB160AB
:10B72000D454D6E901329A4280F0A0802C78002CC3
:10B7300000F087800135002C00F08380252CE8D1B3
:10B74000294600270D4611F8012B2D2A00F088808C
:10B75000302A00F088802B2A7AD02A2A00F099809B
:10B76000A2F13003092B4FF000040BD804EB840442
:10B7700002EB440415F8012FA2F13003092BA4F1C8
:10B780003004F3D92E2A00F09080002301E015F850
:10B79000012F02F0FB016829F9D0252A00F07781FA
:10B7A000583AD1B2202947D8202A45D8DFE812F0EC
:10B7B0003501440044004400440044004400440077
:10B7C0004400440044004301130144004400440089
:10B7D0004400130144004400440044004400440079
:10B7E000D20044004400A2004400940044004400FD
:10B7F000350101209842024638BF1A460292002CB9
:10B8000040F05081B80740F16E81002B40F04E822D
:10B810001C46BBF1000FC0F20A827A0700F11A82BF
:10B8200007F00302022A00F0EA81CDE900475946F9
:10B830000A223046FFF7B8FE01352C78002C7FF441
:10B8400079AF337B002B40F01C8105B0BDE8F08F51
:10B850000D4611F8012B2D2A47F004077FF478AF2D
:10B8600047F001076EE747F002076BE73046FFF746
:10B870007FFE5BE73268591CB16002F803A0D6E98D
:10B8800001239342FFF449AF3046FFF771FEB368DE
:10B8900043E7D8F800301A1DC8F800206A781C6801
:10B8A0002E2A05F101057FF470AF6A78A2F130030A
:10B8B000092B05F101054FF000033FF66AAF03EBDA
:10B8C000830302EB430315F8012FA2F1300109298C
:10B8D000A3F13003F3D95CE7D8F80020111DC8F8B4
:10B8E000001011683046CDE900470A22FFF75CFEE0
:10B8F0000135A2E7D8F800301A1DC8F8002017F06B
:10B900000107D3F800B040F0F080BBF1000F03D086
:10B910005846FCF77DF90746BC4240F24381002CB3
:10B9200000F04081202205E0BC4200F03B81002C69
:10B9300000F03881B1683368481CB0605A54D6E9C9
:10B940000130984204F1FF34EED33046FFF710FE89
:10B950002022E9E7D8F80020131DC8F80030B368AA
:10B9600031681768581C3022B060CA54D6E90123E8
:10B97000934280F0EF803268581C7821B060D15437
:10B98000D6E901329A4280F0E0800F2F03D93B467E
:10B990001B090F2BFCD84FF0805406E00F2C4FEA08
:10B9A00014137FF649AFB2681C46B7FBF4F319F8DD
:10B9B00003B0BBF10A0F04FB137754D03368511C5A
:10B9C000B16003F802B0D6E901329A42E6D33046BC
:10B9D000FFF7CEFDE2E7D8F80020111DC8F80010EF
:10B9E000D2F800B08BEAEB72A2EBEB72092A7FF778
:10B9F00000AFDFF8C8C2012011466329ACFB02E2A8
:10BA000000F101004FEAD202F6DC9842024638BF4C
:10BA10001A460292002C45D1F4E6D8F80020111DF8
:10BA2000C8F8001011683046CDE900471022FFF732
:10BA3000BBFD013501E7D8F800301A1DC8F8002019
:10BA40001C78B3680A2C00F011813268591CB1606F
:10BA5000D454D6E901329A42FFF4EEAE3046FFF7F5
:10BA600087FD0135E9E63368511CB16003F802A097
:10BA7000D6E901329A42A1D33046FFF779FDB26888
:10BA80009CE7304605B0BDE8F04FFFF771BDB368E5
:10BA90003168581CB060CA54D6E901329A42DDD2EE
:10BAA0000135CAE6BBF1000F59DB7A0757D4B80756
:10BAB00002D5002B3FF4ADAEF9073FF5AAAE94B125
:10BAC00020220299A142BFF4A4AEB168481CB06024
:10BAD00030684254D6E90101814204F1FF3480F01C
:10BAE000D480002CEDD1002493E69BF80030002B8D
:10BAF00000F0E080B0685F46CBF101020A2B02EB58
:10BB0000070B3CD0411CB16031680B54D6E90130C1
:10BB1000984226D217F8013F002BEFD15C457FF603
:10BB20008BAE202702E05C453FF486AEB2683368F6
:10BB3000511CB1609F54D6E901329A4204F1FF349E
:10BB4000F1D33046FFF714FDEDE73046FFF710FD67
:10BB5000B2681AE73046FFF70BFDB3680BE7013C0C
:10BB6000A5E730460292FFF703FD17F8013F002BCF
:10BB7000D4D0029AB0680A2B02EB070BC2D1411C49
:10BB8000B160316801F800A0D6E901108842B9D34C
:10BB90003046CDE90232FFF7EBFCDDE90232B06856
:10BBA000B0E770479BF80040002C3FF445AE0A2CEC
:10BBB000B0680ED03368421CB2601C54D6E9013024
:10BBC000984214D21BF8014F002C3FF435AE0A2CDA
:10BBD000F0D13368421CB26003F800A0D6E901300E
:10BBE0009842E7D33046FFF7C3FCB068E2E730463F
:10BBF000FFF7BEFC1BF8014F002CD8D11CE6002B30
:10BC00007FF413AE8CB130220299A142BFF40DAE85
:10BC1000B168481CB06030684254D6E901018142E5
:10BC200004F1FF343BD2002CEED10024FDE5B168D5
:10BC30004A1CB26032682D205054D6E9012191424D
:10BC4000CBF1000BFFF4ECAD30460393FFF790FC13
:10BC5000039BE5E5B1684A1CB26032682B20505462
:10BC6000D6E901219142FFF4DBADEDE73268591CC2
:10BC7000B16002F803A0D6E901239342FFF4E5AED8
:10BC80003046FFF775FCB368DFE630460393FFF7F5
:10BC90006FFC039B2022002C7FF413AF23E7304678
:10BCA0000393FFF765FC039B3022BCE7F9073FF5E0
:10BCB000B0AD18E79B4631E71C830300CDCCCCCC5C
:10BCC00050B32DE9F0414AB3D0F800E0BEF1000FC7
:10BCD00026D01E46EBB14768D7F80480B3FBF8F7CF
:10BCE00008FB1737AFB942EA0105AD070ED1C568A9
:10BCF000A9420BD3046901F1FF3C6644A64205D872
:10BD0000DEF80C40A446BDE8F04160471020BDE8D5
:10BD1000F0810920BDE8F0810E2070470E20F6E783
:10BD20000820F4E700B3F0B5D0F800C0BCF1000F74
:10BD30001CD0BAB14768D7F800E00EF1FF370F42C8
:10BD40000ED1C768B9420BD304694D1E0EFB0255D4
:10BD5000A54205D8DCF81040A446BDE8F040604795
:10BD60001020F0BD0920F0BD0E2070470820F0BD66
:10BD700029DF704728DF7047034B187A0122B0FA99
:10BD800080F05A7440097047B430002030B5394D06
:10BD90002B7A87B0002B39D0374B1C6802232B72CB
:10BDA0002379002B3DD0012B24D022689368C3B1A6
:10BDB0000023CDE9033302930093A3680593032383
:10BDC00001932379002B48D0012B07D1E3686169E7
:10BDD00004911B03022102938DF8001093686846BA
:10BDE00098470023254926482B726B60FFF786FA97
:10BDF00007B030BDD4E903031844FFF7BBFF20B3FD
:10BE00001128D2D101232B7207B030BD1B491C4829
:10BE1000FFF744FA184B044618600028BED168604A
:10BE2000E6E7D4E90520121AB2F5805F28BF4FF487
:10BE30008052D4E903139208012A38BF0122014439
:10BE40001844FFF795FF0028DAD12B7C002BCFD1C7
:10BE50000146022000F016F8CAE72069E1680123D4
:10BE6000CDE902018DF80030636904939368684658
:10BE70009847B6E7B4300020CC300020C83000200E
:10BE8000A4300020831E012B3FD810B5334C237AF9
:10BE900086B0002B37D0022B31D103283AD0304B5B
:10BEA00000221B68E2601A79002A40D0012A26D1BC
:10BEB000D3E9042101328A421A6120D10020207284
:10BEC00019688A68BAB10022CDE903220292009271
:10BED0009A68019005921A79002A35D0012A07D173
:10BEE000DA685B6904931303022202938DF8002041
:10BEF0008B68684698471B491B48FFF7FFF9637C2E
:10BF000023B9FFF743FF06B010BD704705F0B2FD3F
:10BF100006B010BDE3680133082B01D8E360EEE7FB
:10BF20000F4B00221B68E26022720D20C8E7D3E9A4
:10BF30000512881AB0F5805F94BF121802F580527E
:10BF400091429A61DBD1B9E7012218698DF800208E
:10BF5000DA685B690493CDE90202C9E7B4300020D6
:10BF6000CC300020C8300020A430002000F0FD03B9
:10BF7000012B00D0704730B53B4DA0F10100B0FA65
:10BF800080F02B7A4009002287B028746A74002B55
:10BF90004AD0364B1C6802232B722379002B4ED0DB
:10BFA000012B07D1D4E903031844FFF7E3FE48B39C
:10BFB00011281BD0226893687BB10023CDE903339D
:10BFC00002930093A36805930323019323790BB392
:10BFD000012B0ED0936868469847002324492548D2
:10BFE0002B726B60FFF78AF907B030BD01232B720B
:10BFF000FAE7E368616904911B03022102938DF85B
:10C000000010E7E72B7C002BEED101460220FFF762
:10C0100039FFE9E72069E16801238DF800306369A1
:10C020000493CDE90201D5E711491248FFF736F92B
:10C030000E4B044618600028ADD16860D4E7D4E9FF
:10C040000520121AB2F5805F28BF4FF48052D4E960
:10C0500003139208012A38BF012201441844FFF754
:10C0600087FE0028A4D1CDE7B4300020CC300020DA
:10C07000C8300020A43000202DE9F041858A03312A
:10C08000043D4E198046B6FBF5F6FFF72DFAA0B336
:10C09000F6B24FF48073013E0446C580C0F80080BC
:10C0A00083802BD00346002508E06279AE4202F17E
:10C0B000010262713860C0F800801FD040461F4600
:10C0C000FFF712FA013503460028EED16779791E91
:10C0D00017D02246013399421268FBD1D2F8008072
:10C0E0005FB12668002501E03446366821460135F7
:10C0F0004046FFF721FAAF42F6D800242046BDE8BB
:10C10000F08120682146FFF717FAF6E7F8B546797F
:10C110000146701E13D00A4600230133984212686C
:10C12000FBD1176856B10D68002401E029462D683F
:10C1300001343846FFF700FAA642F7D8F8BDBDE84B
:10C14000F8400868FFF7F8B92DE9F8430546C688B6
:10C150004079144606FB00F2043A04EB030C1F1D61
:10C16000624538BFD41ABE428846B7FBF6F106FBDB
:10C17000117002D801392D68FCD1371AA74228BFA7
:10C1800027469CB14FF000090430E41B28443A468E
:10C1900008EB0901FCF71CFCA642B9442D683746A0
:10C1A0004FF0000028BF2746002CEDD1BDE8F883F2
:10C1B0002DE9F8430546C6884079144606FB00F28F
:10C1C000043A04EB030C1F1D624538BFD41ABE426B
:10C1D0008846B7FBF6F106FB117002D801392D68CD
:10C1E000FCD1371AA74228BF27469CB14FF000095F
:10C1F00004302918E41B3A4608EB0900FCF7E8FB79
:10C20000A642B9442D6837464FF0000028BF2746A4
:10C21000002CEDD1BDE8F88341DF7047064A074B9B
:10C2200010B5002414701C60BFF35F8F04490548EB
:10C2300000F020F9204610BDD8300020DC3000206E
:10C240002C830300D030002000B583B000230DF113
:10C2500007008DF80730FEF705F9F1EE103A23F0EC
:10C260009F03E1EE103ABFF35F8F0B4B4022C3F800
:10C2700084219DF80700FEF71BF905F00BFC28B997
:10C2800020BF40BF20BF03B05DF804FBFFF7C4FF31
:10C2900003B05DF804FB00BF00E100E0704700BFA1
:10C2A00082680023936082681361826853618268A8
:10C2B000D360826853608268136070472DE9F84F3D
:10C2C0000446806888461746FFF770F8002837D183
:10C2D000D4E90132116995683A6801330B445D1B5A
:10C2E000954228BF15463D60D4E90132926803F1BA
:10C2F000010A03EA0209AAEB090B5D45064613D8B9
:10C3000020682A4641464844FCF762FBA268396827
:10C3100093680B449360A3689A68DA60A068FFF79B
:10C3200055F83046BDE8F88F2068414648445A46E3
:10C33000A9EB0A094D44FCF74BFBD844B146DFE7B3
:10C3400011263046BDE8F88FF8B504460E4615466E
:10C3500013BB83689A685B69D71A1AD061680B406F
:10C360000A40934210D32A680131C91A8A4288BF11
:10C370002960226813443360A268296853690B441A
:10C38000536100273846F8BD2A68BA42F1D92F60B8
:10C39000EFE72F603846F8BD80680430FFF706F8F5
:10C3A00058B9A3689A685B69D71AD7D12F60A0687B
:10C3B0000430FFF70BF83846F8BD1127E2E700BF5D
:10C3C0002DE9F84304468068043089461746FEF795
:10C3D000EDFF002835D1A2683968936815695D1BA7
:10C3E0008D4228BF0D463D60D4E90132116996683F
:10C3F00019401E40B1422ABF0133761A5E1AB54277
:10C40000804614D823682A4619444846FCF7E0FAC7
:10C41000A268396813690B441361A3681A695A61E9
:10C42000A0680430FEF7D2FF4046BDE8F8832368D9
:10C43000484619443246FCF7CBFAAD1BB144002103
:10C44000E0E74FF011084046BDE8F88310B5846876
:10C450002269A3689B1A8B420AD311442161836825
:10C460001A695A6180680430FEF7B0FF002010BDE1
:10C47000042010BD01600B6843604A68934204BF0A
:10C4800000234360704700BF436843B1026891686E
:10C490000B4443605268934204BF002343607047DB
:10C4A00070B54468064620680D4618B908E024684F
:10C4B000206828B1B368294698470028F7D120683A
:10C4C0002860256070BD00BF4368186808B1026825
:10C4D0001A60704743681868704700BF436818685F
:10C4E00018B908E00346006828B18142FAD10A6809
:10C4F0001A6001207047704710B4814B1B68082BED
:10C5000021D0804AD2F8883043F47003C2F88830D2
:10C51000BFF34F8FBFF36F8F794B1B68082B00F071
:10C52000AA804FF01023D3F80022002AC0F2B68070
:10C53000D3F80432002BC0F2B180734B734A1A60F7
:10C540005DF8044B70474FF080414FF0805200205F
:10C55000C1F80C016E4BC1F81001C1F83805D2F8D2
:10C560000414C3F82015D2F80814C3F82415D2F81F
:10C570000C14C3F82815D2F81014C3F82C15D2F8EF
:10C580001414C3F83015D2F81814C3F83415D2F8BF
:10C590001C14C3F84015D2F82014C3F84415D2F87F
:10C5A0002414C3F84815D2F82814C3F84C15D2F84F
:10C5B0002C14C3F85015D2F83014C3F85415D2F81F
:10C5C0003414C3F86015D2F83814C3F86415D2F8DF
:10C5D0003C04C3F868054F49D2F84004C3F86C0521
:10C5E0000968D2F84424C3F87025052937D84A4B86
:10C5F0005B5C13B1494B4A4A1A604A4B5B5C63B1BE
:10C600003F4B49491B68434AFB20C1F81805082BDA
:10C6100011687FF476AF052921D8444B5B5C93B158
:10C620004348444B364C02681B682468394922F061
:10C630000F0203F00F031343082C096803607FF413
:10C6400060AF05290BD83C4B5B5C43B12C4B3B4A9C
:10C650001B684FF40071082B11607FF452AF4FF04C
:10C660008043D3F80024D2077FF54BAF6FF001026F
:10C67000C3F8002445E7274B1B68052B08D94FF06A
:10C6800010224FF08043D2F80822C3F8582548E71B
:10C690002B4AD35C002B3FF444AFF0E7294A012337
:10C6A000C2F80435D2F80034002BFBD04FF0102331
:10C6B0001221244AC3F80012D2F80034002BFBD018
:10C6C0004FF0102312211F4AC3F80412D2F800348D
:10C6D000002BFBD000231B49C2F80435D1F80034ED
:10C6E000002BFBD0BFF34F8F0649174BCA6802F4EB
:10C6F000E0621343CB60BFF34F8F00BFFDE700BF85
:10C700003001001000ED00E0202E00200090D0034A
:10C7100000C0004034010010408303008C560040EC
:10C72000488103004083030000F000404083030081
:10C73000E40E00405802001040830300409602407F
:10C740003883030000E001400400FA05074B1B5C3E
:10C750001F2B8ABF064A4FF0A04203F01F03D2F8F6
:10C760000405D840C04300F001007047488303002F
:10C7700000030050064B1A5C1F2A86BF054902F0D1
:10C780001F024FF0A04101239340C1F80C357047C0
:10C790004883030000030050064B1A5C1F2A86BF23
:10C7A000054902F01F024FF0A04101239340C1F858
:10C7B0000835704748830300000300504FF0A04342
:10C7C00080211022C3F80815C3F80825704700BF60
:10C7D0004FF0A04380211022C3F80C15C3F80C259C
:10C7E000704700BF0A4B185C1F288ABF09494FF0E9
:10C7F000A04100F01F00D1F804350122824022EA56
:10C8000003001340C1F80805C1F80C35704700BF9C
:10C81000488303000003005010B568B90E4CA368AC
:10C82000012262703BB1D3E900230020A260984747
:10C83000A368002BF7D110BD0128FCD1064C236959
:10C84000A070002BF7D0D3E9002301202261984784
:10C850002369002BF7D110BDE030002070B910B56E
:10C86000074CA368012262703BB1D3E9002300208A
:10C87000A2609847A368002BF7D110BD704700BF96
:10C88000E030002030B5012883B004D0032821D047
:10C89000B0B103B030BD294C00230DF107008DF875
:10C8A0000730FDF7DFFD23786BB3E3689DF80700E1
:10C8B00001330122E360A270FDF7FAFD03B030BD41
:10C8C0001F4B0122C3F88020BFF34F8FBFF36F8F40
:10C8D00003B030BD194C00F0A1F800230DF10700A2
:10C8E0008DF80730FDF7BEFDE368013BE360E368C8
:10C8F0001BB9144BD3F80054C5B19DF80700FDF7E0
:10C90000D7FD03B030BD10486360A3602361E360CE
:10C9100000F078F805F0BEF860B10A4A01232370F0
:10C92000D2F80024002AC0D0A370BEE700F0A0F81F
:10C93000A570E2E700F072F8EFE700BFE0300020FA
:10C9400000E100E00000014019C8020038B50E4CBB
:10C95000237843B185250D4BD3F800340BB1012367
:10C96000A370284638BD0A486360A3602361E36072
:10C9700000F048F8054605F08DF810B1012323704A
:10C98000E9E700F04BF8F9E7E03000200000014053
:10C9900019C8020030B51A4DAB7883B004469BB17C
:10C9A00010B143680120984700230DF107008DF86E
:10C9B0000730FDF757FDEB689DF807000133EB608A
:10C9C000FDF776FD03B030BD03F0FF020DF1070067
:10C9D0008DF80720FDF746FD64B12A6942B1944203
:10C9E00008D0134601E09C4204D01B68002BFAD10A
:10C9F00022602C61EB68002BDDD100F021F8DAE732
:10CA0000E0300020044A137923B90121106091809D
:10CA10001846704785207047F4300020074B1A688D
:10CA2000D20704D4C02283F8002301221A604FF0F9
:10CA300080430122C3F81825704700BF00E100E0E1
:10CA400010B4094B094A0021196083B01B68019397
:10CA5000019C4FF0804102200123C1F804031360C0
:10CA600003B05DF8044B704704010040080000402B
:10CA700010B40B4B0B494FF0804200200224C2F847
:10CA8000084383B018601B680193012301980B6071
:10CA9000D2F81834DB03FBD403B05DF8044B7047C5
:10CAA000040100400C00004010B5174B1A6882B01A
:10CAB00062B10021154A19601B68507900934FF04C
:10CAC00080410123009CC1F8083398B1104B1A68CB
:10CAD000BAB100221A601B6801934FF08042022114
:10CAE0000A4B0198C2F808131B68012002B0BDE888
:10CAF00010401847116853718847054B1A68002A7F
:10CB0000E7D102B010BD00BF00010040F4300020AA
:10CB100004010040F0B5284C94F87E3083B0002B1F
:10CB200047D14FF6FF70FF255A09012A0CBF024674
:10CB30004FF0FF3203F01F01CA40D20748BFE2188E
:10CB400003F1010348BF82F84050302BECD14FF085
:10CB5000FF334FF0FF364FF0FF3706220021174812
:10CB6000C4E90233C4E90433C4E90633C4E9083331
:10CB7000C4E90A33C4E90C33C4E90E33C4E91C33F5
:10CB8000C4E90067FAF7D2FB0D4BC02283F80623F5
:10CB900040221A600B4B0C4A002018601B6801935E
:10CBA00001214FF00043019D84F87E10C2F8043348
:10CBB00000E0082003B0F0BD0031002078310020F3
:10CBC00000E100E07C6100400060004070B44B4B2D
:10CBD0001A1892F94040013402D0082070BC704706
:10CBE0008C78E4B11A6801327DD05A6801327CD069
:10CBF0009A6801327BD0DA68013272D01A69013248
:10CC000077D05A69013276D09A69013233D0DA6925
:10CC1000013208BF07222FD0042070BC7047FE23CA
:10CC200082F840304B78012B4ED01F2887BF344A02
:10CC300000F01F0101464FF0A04201238B40C2F8D3
:10CC40000C351F288BBF00F01F0303462C4A4FF002
:10CC5000A04203F5E073032142F82310C2082949DA
:10CC600000F007008C5C012303FA00F02043885495
:10CC7000002070BC70470622940004F1804404F543
:10CC8000C0441D18002643F8226085F84020D4F8DF
:10CC900010350A784D7823F4991323F4F8531204CD
:10CCA0002D05C4F8103505F4801502F44032030256
:10CCB0002A4303F47C53D4F8105513432B43C4F890
:10CCC00010354B78012BB0D11F2887BF0C4A00F0DC
:10CCD0001F0101464FF0A04201238B40C2F80835E6
:10CCE000AFE70322C8E70022C6E70122C4E7022219
:10CCF000C2E70422C0E70522BEE700BF00310020E2
:10CD000000030050783100201F2886BF054A00F03C
:10CD10001F004FF0A042012303FA00F0C2F80805FB
:10CD2000704700BF000300501F2886BF054A00F06F
:10CD30001F004FF0A042012303FA00F0C2F80C05D7
:10CD4000704700BF00030050074B184490F9403073
:10CD50009B0003F1804303F5C043D3F8102542F054
:10CD60000302C3F81025704700310020054B18441A
:10CD700090F940008000C0B200F1804000F5C04052
:10CD8000704700BF00310020F0B4864B1D1895F9A4
:10CD90004040002C80F282808C78A707C4F3400CBE
:10CDA00073D41C6A013400F0F5805C6A013400F031
:10CDB000EA8010260A2453F82450013572D0651CED
:10CDC000B5425FD253F82570013700F0D480A51C1E
:10CDD000B54257D253F82570013700F0CC80E71CDC
:10CDE000B7424FD253F8275001355AD0271DB742CA
:10CDF00048D253F82750013553D0671DB74241D26E
:10CE000053F8275001354CD0A71DB7423AD253F8FA
:10CE10002750013545D0E71DB74233D253F827508C
:10CE200001353ED004F10807B7422BD253F8275002
:10CE3000013536D004F10907B74223D253F8275001
:10CE400001352ED004F10A07B7421BD253F8275000
:10CE5000013526D004F10B07B74213D253F82750FF
:10CE600001351ED004F10C07B7420BD253F82750FE
:10CE7000013516D00D34B44204D2DC6B013408BF46
:10CE80000F240FD00420F0BC70471C68013474D00C
:10CE90005C6801346DD0082602248CE70820F0BCC1
:10CEA00070473C461E1865B243F8242086F840506F
:10CEB000BCF1000F02D11C4484F868008A78540742
:10CEC0001AD4D60744D41F284C7887BF364E00F0BA
:10CED0001F0202464FF0A04602F5E072A40046F899
:10CEE0002240324EC40800F0070C375D012202FADE
:10CEF0000CF23A4332558A7812F002021CD0AB0091
:10CF000003F1804303F5C0430978D3F8104524F4B6
:10CF10004F3424F44074C3F8104502020904D3F8D6
:10CF2000100501F4403102F47C520A430243C3F875
:10CF300010250020F0BC7047083D2B44087893F87A
:10CF4000701041EA801183F870101046F0BC7047F1
:10CF50001F2887BF144A00F01F0404464FF0A04268
:10CF600002EB8402D2F8004724F00204C2F8004722
:10CF7000B7E7012496E72C4694E7002485F8404063
:10CF80001A6025469AE7092685F840605A623446B9
:10CF9000354690E7082685F840601A6234463546E3
:10CFA00089E700BF003100200003005078310020E5
:10CFB00070B4324C251883B095F94030072B22DD30
:10CFC000234493F868309B09032B46D0012B0CBFF8
:10CFD0004FF400324FF440321F288ABF284B4FF0E5
:10CFE000A04300F01F0003EB8000D0F8003723F4CB
:10CFF0004033C0F80037D0F800371A43C0F8002794
:10D0000003B070BC7047DAB2072AF9D8980000F173
:10D01000804000F5C04003F140029200D0F8106556
:10D0200092B202F1804202F5C04246F00106C0F819
:10D0300010650020106012680192019A0029DFD06B
:10D0400095F9402054F82220002AD9D00D49012218
:10D0500002FA03F3C1F80433D2E71F288ABF084A53
:10D060004FF0A04200F01F03D2F8102598BF0346EE
:10D07000DA4002F0010202321204ADE70031002072
:10D080000003005000600040194B034493F9403006
:10D09000072B13DD1F288ABF164B4FF0A04300F06B
:10D0A0001F0003EB8000D0F8003723F44033C0F8B2
:10D0B0000037D0F80037C0F800377047DAB2072AD7
:10D0C00014D810B49A0002F1804202F5C0420A4C12
:10D0D000D2F81005012120F0010001FA03F3C2F893
:10D0E0001005C4F808335DF8044B7047704700BF63
:10D0F0000031002000030050006000402DE9F04F97
:10D10000002385B0CDE90233B64A1168012900F049
:10D11000F1801E46B44B1A68012A00F0FB80B34B25
:10D120001A68012A00F00881B14B1A68012A00F040
:10D130001581B04B1A68012A00F02281AE4B1A68A3
:10D14000012A00F02F81AD4B1A68012A00F03C81C2
:10D15000AB4B1A68012A00F0A680AA4B1A68012A74
:10D1600020D0E6B1A84F01250024A30003F180439D
:10D170002E4203F5C0434FEA45050BD0D3F8100506
:10D1800057F82420D3F81015C0F30520C1F301414E
:10D1900002B190470134082CE7D1002E17DB05B00F
:10D1A000BDE8F08F00221A601B6801934FF0A04287
:10D1B000019BD2F82015954B0291C2F82015D3F8A7
:10D1C00020250392C3F82025002E40F09080904F38
:10D1D000DFF83882A7F178068E4C012514F9010B8F
:10D1E000431C45D0C0F3C20204AB1A4400F007034D
:10D1F00012F8082C05FA03F31A42C1B200F03F00FE
:10D2000036D01F2887BF01F01F02C24602464FF0EA
:10D21000A04A0AEB820306EB000ED3F800C7D3F84E
:10D22000009729F44039C3F80097CCF3014C9EF9DC
:10D230004090D3F800E756F82990BCF1020F0CBFDC
:10D240004FF4403B4FF4003B05FA02F24EEA0B0E5E
:10D25000C3F800E7CAF82025B9F1000F08D0890902
:10D2600003291AD0BCF1020F19D0BCF1030F12D060
:10D27000BC42B3D14FF0A043D3F820250292C3F8AB
:10D280002025D8F820350393C8F820351343A3D1BF
:10D2900005B0BDE8F08F0229EAD1C847E8E70129C7
:10D2A000E6D1C847E4E75C4AD2F8042312067FF5CA
:10D2B00054AF00221A6019680091196E0098012974
:10D2C00003F1600346F080067FF44BAF1A601B68E1
:10D2D00001934FF0A042019BD2F820154B4B0291D5
:10D2E000C2F82015D3F820250392C3F8202546F074
:10D2F000004637E74849D1F8046316F001063FF4C9
:10D3000009AF136013680093009B374B1A68012A1A
:10D310007FF405AF404AD2F8042392077FF5FFAEB1
:10D3200000221A601B680093009B304B1A68012A88
:10D3300046F002067FF4F8AE374AD2F804235707C6
:10D340007FF5F2AE00221A601B680093009B284B09
:10D350001A68012A46F004067FF4EBAE2E4AD2F892
:10D36000042315077FF5E5AE00221A601B680093C1
:10D37000009B204B1A68012A46F008067FF4DEAEB7
:10D38000254AD2F80423D4067FF5D8AE00221A60CD
:10D390001B680093009B184B1A68012A46F0100680
:10D3A0007FF4D1AE1C4AD2F8042390067FF5CBAEB1
:10D3B00000221A601B680093009B104B1A68012A18
:10D3C00046F020067FF4C4AE134AD2F80423510677
:10D3D0007FF5BEAE00221A601B680093009B46F0EA
:10D3E0004006B5E60061004004610040086100406D
:10D3F0000C61004010610040146100401861004061
:10D400001C6100407C61004000310020000300509E
:10D41000783100207031002000600040014B1B6813
:10D42000184700BF80310020114B98421DD130B504
:10D4300083B000230DF107008DF807300D46FDF78E
:10D4400011F80C4B1C794CB99DF807001D600122A6
:10D450001A71FDF72DF8204603B030BD9DF8070086
:10D46000FDF726F8112003B030BD0020704700BF43
:10D470000020004080310020034B984203D1034B31
:10D4800000221A601A71704700200040803100208D
:10D4900010B53E4A136886B0002B35D03C4C0023B3
:10D4A0001360A17C13680193CB4303F0010304EBE9
:10D4B000830201985268002A53D0607C002202281F
:10D4C0008DF81420E2745DD004EB8101A3744868E8
:10D4D0004A60012304908DF80C3003A82368984714
:10D4E000637C022B01D101236374237D53B100239C
:10D4F00001228DF80C20049322688DF8143003A8C3
:10D500002375904706B010BD224A116809B9204C16
:10D51000EBE713601168204A1D4C02910299C2F892
:10D520000035A27C8DF8143004EB82018DF80C30AC
:10D530004868637428B12268049003A84B60904740
:10D54000A27CD24302F0010204EB820253682BB1A9
:10D55000049300212368516003A898470023A37413
:10D56000C3E7627C022AA8D0E37C002BB8D1012259
:10D570008DF80C3004938DF814202368E27403A80E
:10D580009847ADE7012310466374A2E700D101403C
:10D590008831002004D1014000D00140194BD3F85C
:10D5A000182102B970470021174AC3F81811D3F89F
:10D5B0001811D37F82B0FF2B019101990DD0917F7B
:10D5C00099B11F2B8ABF11484FF0A04003F01F03F1
:10D5D000012101FA03F3C0F80C35002353771372CD
:10D5E000D2E900310A4802B018471F2B8ABF07480A
:10D5F0004FF0A04003F01F03012101FA03F3C0F82C
:10D600000835EAE700F00240A03100200003005096
:10D61000A831002030B5304BD3F8282187B05AB15B
:10D620000020C3F82801D3F828112C4A029102994E
:10D63000517D0129CCB210D0274BD3F8042152B12F
:10D640000022C3F80421D3F80411244A019101995E
:10D65000517D02291AD007B030BD1168D568C3F8D2
:10D660004455C3F8481511695568C3F834150221AB
:10D67000C3F838559C625175547D022CE1B21BD021
:10D68000032924D00129D7D15962D5E70321517547
:10D69000517D0129C8B218D00328DCD101218DF8B1
:10D6A0000C10D3F83C150491D3F84C3505939169CF
:10D6B000936803A89847CEE7CDE904008DF80C00E5
:10D6C0009368916903A89847B6E75862C3E7D3F80F
:10D6D0003C25D3F84C3500BF00300240C431002057
:10D6E0002DE9F04F0779DFF800820646C7EBC70047
:10D6F00008EB800085B0007D002840F0CC80994682
:10D700000B7C032B0C4600F2C28035687249284618
:10D710009246FFF789FE002840F0C1802368FF2B66
:10D720004FEAC70B00F0CA801F2BE27C84BF6B4915
:10D7300003F01F0303F5E07398BF4FF0A0411202FE
:10D7400041F82320236801936368FF2B00F0B38026
:10D750001F2B86BF03F01F03604A4FF0A04203F562
:10D76000E0734FF0000C42F823C0D4F804C0E36823
:10D77000A27C1F2B86BF03F01F03DFF860E14FF090
:10D78000A04E03F5E07392004EF82320A3681F2BF0
:10D7900086BF03F01F03DFF844E14FF0A04E03F50E
:10D7A000E07300224EF82320D4E90213C5F80815CF
:10D7B0000199C5F810C5C5F80C15C5F81435C5F89C
:10D7C0003425C5F83825C5F84425C5F84825637CB7
:10D7D000227C003B18BF0123022A79D0032A74D08F
:10D7E000012A6FD0C5F85435237DC5F85C35637DBB
:10D7F000C5F8C0350022C5F80421D5F804310393DB
:10D80000039BC5F82821D5F828310293029BD5F84F
:10D810000012ABEB070308EB830341F00401C5F8EA
:10D82000001240F202415A75C3F808A0C5F804136B
:10D83000C3F818903268A37D42F3073100294FEAFC
:10D84000123230DB01F1604101F561415B01DBB275
:10D8500081F80033336843F30732002A4FEA133369
:10D8600008DB1F4C0121520903F01F0301FA03F3E7
:10D8700044F82230ABEB070708EB870801220223AC
:10D8800088F81420C5F8003505B0BDE8F08F0720F2
:10D8900005B0BDE8F08F082005B0BDE8F08F11207D
:10D8A00005B0BDE8F08F0F4902F00F025B01114493
:10D8B000DBB20B76CEE74FF0FF3C58E74FF0FF337B
:10D8C000019341E743F002038CE743F0060389E745
:10D8D00043F0040386E700BF15D6020000030050A2
:10D8E00000E100E0FCEC00E0C431002038B5016844
:10D8F00004790023C1F80035036843F30732002A96
:10D900000EDB1B0B52090E4D2032012003F01F03CA
:10D9100000FA03F345F82230BFF34F8FBFF36F8F48
:10D920004FF0FF33C1F808330846FFF7A5FD054B5C
:10D93000C4EBC40403EB84040023237538BD00BF8B
:10D9400000E100E0C431002070B5047984B06CBB04
:10D95000089CB4F5803F29D2B2F5803F26D221B190
:10D9600001F06044B4F1005F23D123B103F06044BF
:10D97000B4F1005F1DD11D4C667D012EF5B21ED0A5
:10D9800002D9023D012D17D8C4E90313089B226078
:10D990000121636000686175627D022AD3B210D0F4
:10D9A000032B1AD08B4216D0002000E0092004B0CF
:10D9B00070BD102004B070BD032004B070BD0820FD
:10D9C000F5E700238DF8043002930393A169A3685F
:10D9D00001A89847E8E74362E6E7D0F83C258DF8D0
:10D9E0000410D0F84C350292EFE700BFC43100209C
:10D9F00038B5BA4B1C6814F0010401D1204638BD7B
:10DA0000B74C237805464BB1B64B1B7800202070ED
:10DA10000BB3FEF7C1FE0120FEF7BEFE172D00F28C
:10DA20005A81DFE815F01A015C005C00B500C800FF
:10DA3000E300F600DB004400500044005000040105
:10DA40001B001B001B001B001B000B0179008C003E
:10DA50009F0073007300FEF7B1FEDFE7A248FCF7FA
:10DA6000B9FC0446D5F1110000F00881002C40F00B
:10DA70000581012814D0C82505FB00F54FF40043AB
:10DA80004FF47A700021C3FB05014FF4FA620023C2
:10DA90000AF01CF8224601469348FCF73DFC044678
:10DAA0000220FEF767FE8F4B01221A70A6E70120C5
:10DAB0002070FEF797FEBDE838408C48002240F207
:10DAC0006661FCF729BC01202070FEF78BFEBDE8E3
:10DAD0003840864800224FF40051FCF71DBC00205E
:10DAE000FEF734FE002800F0DD800020FEF754FE33
:10DAF000022D47F2333118BF4FF480317C4B7B4805
:10DB00001D70BDE838400022FCF706BCFEF760FE41
:10DB1000774B00241D7071E7724B1B78002B00F0CF
:10DB2000CE800020FEF738FE0120FEF735FE0020F3
:10DB3000FEF720FE6E4B13221A7000245EE7694B3D
:10DB40001B78002B00F0C1800020FEF725FE01208D
:10DB5000FEF722FE0120FEF70DFE654B14221A701F
:10DB600000244BE75F4B1B78002B00F0B1800020B6
:10DB7000FEF712FE0120FEF70FFE0020FEF7FAFD71
:10DB80000120FEF7F7FD5A4B15221A70002435E7E5
:10DB90000020FEF7DBFD00287CD00020FEF7FCFD16
:10DBA00043F23331524B514803241C70BDE83840D6
:10DBB0000022FCF7B1BB0020FEF7C8FD002864D0AE
:10DBC0000020FEF7E9FD4FF48031494B474804241B
:10DBD0001C70BDE838400022FCF79EBB0020FEF719
:10DBE000C9FD434B07221A70002407E70020FEF707
:10DBF000ADFD002853D00020FEF7CEFD3C4B3B4846
:10DC000005241C70BDE83840002240F6CD41FCF7E9
:10DC100083BB0020FEF7E6FD354B344806241C701C
:10DC2000BDE83840002240F26661FCF775BBFEF7A4
:10DC3000CFFD2F4B0C221A700024DFE6294B1B78F6
:10DC4000002B39D00020FEF7A7FD0120FEF7A4FD30
:10DC5000274B12221A700024D0E6224B1B788BB37C
:10DC60000020FEF799FD0120FEF796FD1F48FCF706
:10DC7000B1FB1F4A002104461170BFE60220FEF7E7
:10DC80008BFD184B00221A70B8E6FEF773FD41F6C3
:10DC90009A119AE7FEF76EFD40F6CD4182E7FEF756
:10DCA00069FDABE7FEF766FD40F6CD4141F69A13FC
:10DCB000022D18BF194621E7FEF780FDC8E7FEF7E1
:10DCC0007DFD34E7FEF77AFDD0E7FEF777FD41E70B
:10DCD000FEF774FD51E7002490E600BFE831002014
:10DCE000EC310020E0310020282E0020482E0020BA
:10DCF000ED31002030B9012A06D0012912D00229C5
:10DD000007D051B10720704701290AD002290246E5
:10DD1000F7D1064B00205A707047044B08469A70A2
:10DD200070470E22014B00201A707047E43100202A
:10DD300010B50388102B07D0112B04D1254B186880
:10DD40000138186030B110BD224C216811B3013187
:10DD5000216010BD01220221FFF7CCFF40B107284E
:10DD600006D01D4B1B68002BEDD0BDE810401847B6
:10DD7000072202210120FFF7BDFF08B10728F0D1DB
:10DD8000002108460A22FFF7B5FF0028DBD007284C
:10DD9000E7D1D8E701220846FFF7ACFF38B10728E2
:10DDA00005D00D4B1B6803B198472168CFE70722C8
:10DDB00002210120FFF79EFF08B10728F1D10422BC
:10DDC00002210020FFF796FF0028EED00728E8D1B7
:10DDD000EBE700BFF4310020F0310020A8DF7047EE
:10DDE000AEDF704762DF704781B330B5054683B060
:10DDF00038B10388112B0C4629D0502B0ED0102B94
:10DE000001D003B030BD83880B8004238DF800302F
:10DE100008464B696946984703B030BDC3880A89F4
:10DE20009A4219D0A2899A42EBD1AB7C6D2B26D0B5
:10DE3000732B28D0A52B2AD0EF2B2CD0B12B2ED092
:10DE4000B02BDED1122000F0BBFDDAE770474FF6B1
:10DE5000FF730B8003B030BD028A022AE2D14A6907
:10DE6000002ADFD0123003F011FA80F0010063695C
:10DE70008DF80000694620469847EB88D2E70B20D2
:10DE800000F09EFDBDE70C2000F09AFDB9E70320ED
:10DE900000F096FDB5E7102000F092FDB1E71120EB
:10DEA00000F08EFDADE700BF0A8840F677239A4266
:10DEB00002D18B88033B0383704700BF70B5038B8F
:10DEC000858888B09A4228BF1A460446ADF810509B
:10DED0000791002501260DF106030088ADF8062004
:10DEE00004A98DF81750CDF813508DF812600693E1
:10DEF000FFF776FFB0B9D4E90721BDF806300B442F
:10DF0000B2EB932F23624FEA93210ED00222E161FC
:10DF10000393204663698DF8082002A9984730468C
:10DF200008B070BD284608B070BD304608B070BD5E
:10DF3000F0B58FB0002878D0002976D03E4B0A6823
:10DF4000426104460FCB26464FF6FF7526F8025B6A
:10DF500002AD85E80F0028463146FFF743FF05462E
:10DF600010B128460FB0F0BDA3788DF8063004F14B
:10DF700024024FF4A05301A90120ADF80430FFF7AB
:10DF80002DFF05460028ECD12022294606A8F9F7E6
:10DF9000CDF9BDF82430A2788DF81A2023F48753E8
:10DFA00023F01F0343F4805343F0010341F2024284
:10DFB000F720ADF82430ADF818200123ADF81C008F
:10DFC00006A9A08C8DF82B30221D03F063F980BBCD
:10DFD0000021C4E90711202206A8F9F7A7F9BDF826
:10DFE0002430A278A08C8DF81A2023F4B75323F0A4
:10DFF0001F0343F4B05341F2034704F10C024FF006
:10E000000116ADF82430012440F2011306A9ADF841
:10E01000187007968DF82940ADF82A3003F03AF9C8
:10E0200000289ED0FBF748FF9BE70E2528460FB03F
:10E03000F0BDFBF741FFCBE74C83030030B589B05F
:10E0400084898DF8071000220123ADF810400DF1EE
:10E050000E050DF1070404A900888DF81720CDE9FD
:10E060000654CDF81320ADF80E308DF81230FFF7BE
:10E07000B7FEB0FA80F0400909B030BD76DF7047D6
:10E0800077DF70477ADF70477CDF70477FDF70474C
:10E090008FDF7047B1DF704745DF7047704700BFC3
:10E0A000FBF70ABF10B50388103B82B00446472B2C
:10E0B0002CD8DFE803F02D42464B2B2B2B2B2B2BA0
:10E0C0002B2B2B2B2B2B2B552B2B2B2B2B2B2B2B76
:10E0D0002B2B2B2B2B2B2B2B2B2B2B2B2B2B2B2B90
:10E0E0002B242B2B2B2B2B2B2B2B2B2B2B2B2B2B87
:10E0F0002B2B2B2B2B2B2B2B662B2B2B245F808856
:10E100001321FFF7BBFF08B1FBF7D6FE02B010BD2D
:10E110000720FFF76DFC00283DD1A188214C224843
:10E12000218003F01BFB002838D121880022032026
:10E13000FFF7A6FF0028E9D0E6E70A2000F040FC40
:10E14000E4E7FF211948FFF779FFDFE7154A0023CD
:10E15000108885211A46FFF799FF0028D6D0D3E70B
:10E1600000238088ADF8043001A9FFF791FF002853
:10E17000CCD0C9E70E4B012208201A7000F020FC19
:10E18000C4E7084A0023108819461A46FFF782FFA1
:10E190000028BBD0B8E7FBF78FFEBEE7FBF78CFE8D
:10E1A000C3E700BF6C2E0020683700202C3700200A
:10E1B0000566012030B50B8840F67722934283B084
:10E1C0000C4614D04DF67A2293420AD10D4D0E48DA
:10E1D00029880DF1070203F0F1F929880A4803F0B4
:10E1E000BFF90A482146FFF75FFE03B030BD8B88B8
:10E1F000074A0648033B21461380FFF755FE03B04C
:10E2000030BD00BF6C2E0020543700202C3700207A
:10E21000743700200B782BB1012B02D1062000F0BF
:10E22000CFBB7047024B012205201A7000F0C8BB1B
:10E230000566012010B1032803D07047092000F0C3
:10E24000BFBB08B50220FFF7D3FB00B908BDBDE88E
:10E250000840FBF731BE00BFFBF72EBE704700BF82
:10E2600010B5084C002294F854100120FFF708FF65
:10E270002046032102F0A2FD00B910BDBDE8104008
:10E28000FBF71ABEF832002030B5AFB003F0F0FA59
:10E29000002840F0EA80002302A90120029303F045
:10E2A0004DFC002840F0DE8002A803F0AFFC0028FF
:10E2B00040F0D580744B60224FF40010C3F8800109
:10E2C00083F8152393F81513EC2249090A41D20764
:10E2D00040F1B3806D4A9168002940F0AA8018602F
:10E2E00001210846FFF7D8FE08B1FBF7E5FD112331
:10E2F00067488DF80430F9F78BFC654982B201A8B4
:10E30000FFF7C2FE002840F0BC80082200210DEB80
:10E310000200F9F70BF85F4B029302A84FF0C873A5
:10E320000393FFF7AFFE002840F0A8805A495B48EE
:10E3300003F0F2F8002840F09E805848F72103F0DF
:10E3400003F9002840F094805448FB224FF6FF71F7
:10E3500003F00CF900287CD1514B5248019301A9DC
:10E3600003F0EAF9002871D1082200210DEB020028
:10E37000F8F7DCFF4C4B4D48029341F2111202A911
:10E38000ADF80E20FFF7D4FD00285CD1AC220021AF
:10E3900002A8F8F7CBFF464C464A079402214FF4F7
:10E3A000C06001238DF80810ADF80A004FF4967490
:10E3B00000254148ADF8183002A9CDE924458DF873
:10E3C00084302B9202F07EFC002839D13A4801219A
:10E3D00002F074FC1C22002102A8F8F7A7FF00231A
:10E3E000364A0293ADF816308DF81830344B4FF49E
:10E3F000A0354FF4F024032102A8CDE90354CDE960
:10E4000007238DF8141002F053FE28BB2D4A4FF05D
:10E41000805301211170D3F8A820D3F8A820D3F895
:10E42000A420D3F8A420D3F8A420D3F8A4302FB08C
:10E4300030BD13680343136052E742F2020054E711
:10E44000FBF73AFDC2E7FBF737FD9FE7FBF734FD2B
:10E450008AE7FBF731FD7FE7FBF72EFDD6E7FBF7F9
:10E460002BFD27E7FBF728FD1EE7FBF725FD12E74D
:10E47000FBF722FD68E7FBF71FFD5EE7FBF71CFDDE
:10E4800054E7FBF719FD40E700E100E054AA022041
:10E490005C83030006000C00B5E102005437002045
:10E4A000A1E002006837002015E202002C370020AE
:10E4B000682E002035E20200F83200209DE00200C4
:10E4C00059E20200056601202DE9F84FDFF8D890E7
:10E4D0002E4BD9F800201E8892B3DFF8D0B02C4F15
:10E4E0009BF80030DFF8C8802A4D2B4CB11E9142BA
:10E4F0002A493B7088BF961C0A7800237B7012B1B2
:10E5000003220B707A70022E14DDD8F80010244A12
:10E51000DFF8A0C00139901EC91B304401EB020E88
:10E52000A4FB0EA3DB0B0CFB13E3EB5C02F8013F37
:10E530009042F3D116491B48B2B2FFF7BFFC08B9AD
:10E54000BDE8F88FD8F80000DFF868E0DFF868C0B1
:10E55000B11E0844A4FB0032D20B0EFB12009BF844
:10E560000030D9F80020C8F80000DCF800000133C2
:10E570000844DBB2521ACCF800008BF80030C9F81E
:10E580000020002AB3D1BDE8F88F00BF7437002007
:10E59000F83100207C370020355E546C6E2E002050
:10E5A000F93100202C370020F86501200466012095
:10E5B000FC6501207C2E0100783700201A4B0122D7
:10E5C0002DE9F043DFF870801A7049B3D8F800E005
:10E5D000DFF868C0154F164E44180EEB02052D1AD1
:10E5E000013C01382A18A7FB0293DB0B06FB13231F
:10E5F00010F8012F0CF80320A042F3D10B4B0D486B
:10E600000B4A8E44A3FB0E43DB0B02FB13E30268B1
:10E61000C8F8003011440160BDE8F043FFF754BF73
:10E62000D8F800E0EAE700BF6E2E0020355E546C9B
:10E630007C2E0100F8650120006601207C37002057
:10E6400010B5074CFFF740FF2268064B9A4200D8EE
:10E6500010BD162000F0B4F90023236010BD00BFE8
:10E66000783700207B2E010010B5064C237803B1CB
:10E6700010BD01F091FA01F0B5FA01F0D9FA0123C9
:10E68000237010BD06660120124B10B5282000240F
:10E690001C7000F033FA092000F030FA0B2000F073
:10E6A0002DFA1D2000F02AFA132000F027FA14207A
:10E6B00000F024FA152000F021FA162000F01EFACE
:10E6C000172000F01BFA01F07FFA2046BDE8104049
:10E6D00001F07CBB0666012001F0B2BA01F0B4BEC5
:10E6E00008B501F06BFE01F0B7FE01F055FABDE888
:10E6F000084001211D20FEF75BBC00BF01F0CCBA31
:10E7000010B5074C23781BB1BDE8104001F056BE90
:10E7100001F07AFE01232370BDE8104001F04EBEE7
:10E720000766012000F050BA00B583B001A801F0DF
:10E730008BFE034A13886433138003B05DF804FB37
:10E740002C70012008B5FFF78FFFFFF7C5FF024BC4
:10E7500000221A8008BD00BF2C70012001F0C6BA4B
:10E7600008B5032000F0B8FD282000F0CFFD002000
:10E7700000F0E6FD062000F0FDFD032000F014FE91
:10E78000202000F02BFE002000F042FE062000F0CA
:10E7900059FE032000F070FE322000F087FE0020BA
:10E7A00000F09EFE062000F0B5FE242000F046FD9D
:10E7B000012000F05DFDBDE8084000F027BD00BF6E
:10E7C00010B5144600216068102208F0DBFC00211F
:10E7D00003461022A0681C4608F0D4FCC1B2E0B287
:10E7E000BDE8104000F00CBD08B5002150681022B3
:10E7F00008F0C8FCBDE80840C0B200F0FDBC00BF96
:10E8000000F0D6BE30B5012983B0044616D0856825
:10E81000D5F85454AB0711D4022907D013680B4A1A
:10E82000022103B0BDE8304004F076BB536800938A
:10E830001368074A04F070FB03B030BD0022204685
:10E84000114603B0BDE8304005F09CBD6483030071
:10E850008083030030B5012983B0044616D0856853
:10E86000D5F85454AB0711D4022907D013680B4ACA
:10E87000022103B0BDE8304004F04EBB5368009362
:10E880001368074A04F048FB03B030BD002220465D
:10E89000114603B0BDE8304005F074BD6483030049
:10E8A0008083030030B5012983B0044616D0856803
:10E8B000D5F85454AB0711D4022907D013680B4A7A
:10E8C000022103B0BDE8304004F026BB536800933A
:10E8D0001368074A04F020FB03B030BD0022204635
:10E8E000114603B0BDE8304005F04CBD6483030021
:10E8F0008083030030B5012983B0044616D08568B3
:10E90000D5F85454AB0711D4022907D013680B4A29
:10E91000022103B0BDE8304004F0FEBA5368009312
:10E920001368074A04F0F8FA03B030BD002220460D
:10E93000114603B0BDE8304005F024BD64830300F8
:10E9400080830300014804F081BB00BFB084030052
:10E950000249034A00230B70137070479570012021
:10E9600094700120044A054B10781B78C01AB0FA45
:10E9700080F04009704700BF94700120957001201D
:10E98000024B034A1B78D05C704700BF9470012093
:10E990003070012030B40749074B0A78074C501CEF
:10E9A000A3FB00535B09642505FB13030B70A05CFC
:10E9B00030BC7047947001201F85EB5130700120EE
:10E9C000F8B5114B114D1C782B78114E9C4216BF97
:10E9D0001A46214611460F4B01F10101A3FB0173B9
:10E9E0004FEA53134FF0640707FB131308BF224687
:10E9F000DBB2A342B0542B7000D0F8BD064B074ADF
:10EA000007483421FAF73AFC9470012095700120F0
:10EA1000307001201F85EB512086030038860300EB
:10EA200030860300436823B90378012B06D0022BFC
:10EA300000D07047074B01221A70704710B4064986
:10EA400004690A68034822440A6003705DF8044BB5
:10EA5000704700BF9C700120987001201720FFF7BD
:10EA6000AFBF00BF4FF0A043D3F810056FEAD0301E
:10EA700000F00100704700BF70B582B0FEF74AF8A1
:10EA800090BB4FF0A0430F24C3F8304701A90126E3
:10EA900000250720ADF804608DF80650FEF796F8C3
:10EAA00001A90420ADF804608DF80650FEF78EF839
:10EAB0000720FEF729F90420FEF726F90D4B0E4A30
:10EAC0001B68ADF8043020461B0C032401A98DF807
:10EAD00006308DF80540FEF757F940B901210F20A7
:10EAE000FEF766FA02B070BDFBF7E6F9C9E7FBF77F
:10EAF000E3F9F3E7488603005DEA02001F2886BFBA
:10EB000000F01F00044B4FF0A04300F5E07000221E
:10EB100043F82020704700BF0003005009B1FEF702
:10EB2000F3B8FEF701B900BF0378012B06D0022B22
:10EB300011D04BB10B4B01221A7070470A4A137067
:10EB4000084B01221A707047084B01221A70054BBE
:10EB500001221A707047064B01221A70014B0122E4
:10EB60001A7070479E7001209D700120A0700120D6
:10EB70009F700120D0B584B04FF0CC7100231B26CC
:10EB80001A27022402910D4A0D488DF80F3069466C
:10EB9000CDE90067ADF80D308DF80C4008F07AF93A
:10EBA00020B9084B00221A7004B0D0BDFBF784F9DD
:10EBB000044B00221A7004B0D0BD00BF29EB020044
:10EBC0004C860300A07001202DE9F0471648174F2E
:10EBD000DFF860A0DFF86090154C82B0804607F047
:10EBE00025FF0125002601230DF107022946404695
:10EBF0003E708AF8006089F80060267008F040F8DE
:10EC000008B10EE020BF2378002BFBD00135EDB218
:10EC1000802D3B78E7D1044807F018FF02B0BDE82B
:10EC2000F087FBF749F9EEE750860300A07001205A
:10EC30009E7001209D7001209F7001202DE9F04FF2
:10EC40001B481C4FDFF874A0DFF874901A4C83B097
:10EC5000804607F0EBFE002635464FF0400B0123BF
:10EC60000DF10702594640463D708AF8005089F878
:10EC70000050257008F004F808B115E020BF237893
:10EC8000002BFBD03B780BF1010B5FFA8BFB002BC9
:10EC900018BF1E46BBF1490FE1D1054807F0D6FE6B
:10ECA000304603B0BDE8F08FFBF706F9E7E700BF99
:10ECB00050860300A07001209E7001209D700120ED
:10ECC0009F7001202DE9F04387B000258146264E34
:10ECD0002648274FDFF8A080264C8DF80F1007F04C
:10ECE000A5FE22480095494601230DF10F0235701B
:10ECF0003D7088F80050257007F0C6FE08B12FE07F
:10ED000020BF2378002BFBD033780BB93B780BB3B3
:10ED1000002516483570494601230DF117023D7054
:10ED200088F80050257007F0ABFF08B115E020BF50
:10ED30002378002BFBD033780BB93B783BB10B48E1
:10ED400007F084FE9DF8170007B0BDE8F08398F83F
:10ED50000030F4E798F80030DAE7FBF7ADF8E7E7C2
:10ED6000FBF7AAF8CDE700BFA07001205086030092
:10ED70009D7001209E7001209F7001202DE9F04FB1
:10ED800085B000250646DFF87C801C48DFF87890C7
:10ED9000DFF878A01A4C0F46934607F047FE174855
:10EDA00000953146022303AA88F800508DF80DB073
:10EDB00089F800508DF80C708AF80050257007F023
:10EDC00063FE08B116E020BF2378002BFBD098F833
:10EDD000003013B999F800304BB139463046FFF78F
:10EDE00071FF064807F032FE05B0BDE8F08F9AF8D3
:10EDF0000030F2E7FBF760F8E6E700BF508603005B
:10EE00009E700120A07001209D7001209F70012044
:10EE10002DE9F04784B000250E468246284F294848
:10EE2000DFF8A880DFF8A890274C07F0FFFD76BA3E
:10EE3000244800955146022303AA3D70ADF80C60AA
:10EE400088F8005089F80050257007F01DFE08B1C1
:10EE500032E020BF2378002BFBD03B7813B998F821
:10EE600000301BB3002517483D70514601230DF1BA
:10EE70000B0288F8005089F80050257007F000FF59
:10EE800008B116E020BF2378002BFBD03B7813B9E4
:10EE900098F800303BB10B4807F0D8FD9DF80B0007
:10EEA00004B0BDE8F08799F80030F4E799F8003035
:10EEB000D8E7FBF701F8E6E7FAF7FEFFCAE700BF7D
:10EEC000A0700120508603009E7001209D700120DB
:10EED0009F7001202DE9F04F0F4685B006461D4872
:10EEE000DFF87880DFF87890DFF878A01A4C0025FA
:10EEF000934607F09BFD78BAADF80C0000951548D5
:10EF000088F800503146032303AA89F800508DF891
:10EF10000EB08AF80050257007F0B6FD08B116E073
:10EF200020BF2378002BFBD098F8003013B999F854
:10EF300000304BB139463046FFF76AFF054807F00D
:10EF400085FD05B0BDE8F08F9AF80030F2E7FAF7DA
:10EF5000B3FFE6E7508603009E700120A0700120F9
:10EF60009D7001209F700120BFF34F8F0549064B14
:10EF7000CA6802F4E0621343CB60BFF34F8F00BF57
:10EF8000FDE700BF00ED00E00400FA0533DF704745
:10EF90003FDF704701210720FFF7C0BD1B20FFF7AF
:10EFA0000FBD00BF08B5012000F076FD4FF0A04373
:10EFB000D3F83C2722F44032C3F83C27D3F83C274F
:10EFC00042F44032C3F83C27FFF75EFB0720FFF70F
:10EFD00095FD0420FFF792FD042000F0CBF90120FD
:10EFE00000F016FA042000F02DFA042000F040F999
:10EFF000012000F0C3FA1B20FFF780FD1A20FFF765
:10F000007DFD1220FFF77AFD0C20FFF777FD0E2023
:10F01000FEF73AF80E20FFF771FD00F0B7FDFFF79D
:10F02000B5FF00B908BDBDE80840FAF745BF00BF0D
:10F0300080B582B0FFF720FD00F06CFD654A6648A0
:10F040000021FBF753F9654A65480021FBF74EF9AB
:10F05000002840F0B980FFF77BFCFFF78BFDFDF740
:10F06000DDF8002840F0B3800120FFF791FF00F0A9
:10F070009FFA5C4E5C4C30705C4DDFF878815C4FE1
:10F08000FFF702F9FFF7ECF8237813B1FFF76AFCFA
:10F0900080B9FFF767FC68B9FFF764FC80B123789B
:10F0A00003B3FFF7CDFA2378002BF2D0FFF75AFC19
:10F0B0000028EED0FDF7C8F8FFF754FC0028EED189
:10F0C000FFF75EFC0638152827D8DFE800F0292670
:10F0D0002626292626262B2626452626263B630E6F
:10F0E0006826265DFFF72EFCCEE700F0ABFC8146DC
:10F0F000FFF7B8FC0346002856D03B68C7F80090DD
:10F10000A9EB0303B3F5FA7F9DBF2B780133DBB284
:10F11000012300202B70FFF7F1FAFFF73BFCBEE75D
:10F12000FFF722FF21780029F7D10420FFF7F6FC32
:10F13000012000F0B1FC01210420FFF7EFFCFFF7F4
:10F1400029FCACE701A8FFF7C9FA01460198FFF7CF
:10F1500035FAFFF71FFCA2E7FFF786FAFFF7BCFAC4
:10F1600033784FF0010984F80090002BD5D00020AF
:10F1700000F0EAF900F054F80028CED1484600F03B
:10F1800091F8FFF707FC8AE70120FFF7B7FAFFF7CE
:10F1900001FC84E7FFF7A4FAFFF7FCFB7FE7FFF72A
:10F1A00001FFFFF7F7FB7AE72A78042A06D918202F
:10F1B0002B70FFF705FCFFF7EDFB70E74046FBF710
:10F1C00009F9FFF7E7FB6AE7FAF776FE43E7FAF794
:10F1D00073FE49E79DEF02005C86030095EF020095
:10F1E00060860300A8700120A9700120A170012091
:10F1F000A4700120882E002001464820FFF762BD40
:10F200000A4601464820FFF7B9BD00BF08B50521F1
:10F210004820FFF757FD10F47F5018BF012008BDAC
:10F2200008B503214820FFF74DFDC0F38100A0F190
:10F230000300B0FA80F0400908BD00BF10B53821C6
:10F2400004464820FFF73EFD04F07F0200F08000F6
:10F25000024338214820FFF791FD38214820FFF76D
:10F2600031FD00F07F00001BB0FA80F0400910BDB6
:10F2700010B5392104464820FFF724FD04F00702A9
:10F2800000F0F800024339214820FFF777FD3921CB
:10F290004820FFF717FD00F00700001BB0FA80F0D0
:10F2A000400910BD10B51E2104464820FFF70AFD95
:10F2B00020F0020242EA4402D2B21E214820FFF7A7
:10F2C0005DFD1E214820FFF7FDFCC0F34000001B40
:10F2D000B0FA80F0400910BD10B52921044648203D
:10F2E000FFF7F0FC00F03F0242EA8412D2B229217B
:10F2F0004820FFF743FD29214820FFF7E3FCC0F336
:10F300008710001BB0FA80F0400910BD10B529210C
:10F3100004464820FFF7D6FC04F03F0200F0C0008E
:10F32000024329214820FFF729FD29214820FFF722
:10F33000C9FC00F03F00001BB0FA80F0400910BD8E
:10F3400010B52A2104464820FFF7BCFC20F0080233
:10F3500042EAC402D2B22A214820FFF70FFD2A2137
:10F360004820FFF7AFFCC0F3C000001BB0FA80F0EC
:10F37000400910BD10B52A2104464820FFF7A2FC21
:10F3800004F0070200F0F80002432A214820FFF7AA
:10F39000F5FC2A214820FFF795FC00F00700001B30
:10F3A000B0FA80F0400910BD10B52B21044648206A
:10F3B000FFF788FC00F03F0242EA8412D2B22B2110
:10F3C0004820FFF7DBFC2B214820FFF77BFCC0F334
:10F3D0008710001BB0FA80F0400910BD10B52B213A
:10F3E00004464820FFF76EFC04F03F0200F0C00026
:10F3F00002432B214820FFF7C1FC2B214820FFF7B7
:10F4000061FC00F03F00001BB0FA80F0400910BD25
:10F4100010B52C2104464820FFF754FC20F00802C8
:10F4200042EAC402D2B22C214820FFF7A7FC2C21CB
:10F430004820FFF747FCC0F3C000001BB0FA80F083
:10F44000400910BD10B52C2104464820FFF73AFCB6
:10F4500004F0070200F0F80002432C214820FFF7D7
:10F460008DFC2C214820FFF72DFC00F00700001B2D
:10F47000B0FA80F0400910BD10B52D210446482097
:10F48000FFF720FC00F03F0242EA8412D2B22D21A5
:10F490004820FFF773FC2D214820FFF713FCC0F331
:10F4A0008710001BB0FA80F0400910BD10B52D2167
:10F4B00004464820FFF706FC04F03F0200F0C000BD
:10F4C00002432D214820FFF759FC2D214820FFF74A
:10F4D000F9FB00F03F00001BB0FA80F0400910BDBE
:10F4E00010B52E2104464820FFF7ECFB20F008025F
:10F4F00042EAC402D2B22E214820FFF73FFC2E215F
:10F500004820FFF7DFFBC0F3C000001BB0FA80F01B
:10F51000400910BD10B52E2104464820FFF7D2FB4C
:10F5200004F0070200F0F80002432E214820FFF704
:10F5300025FC2E214820FFF7C5FB00F00700001B2B
:10F54000B0FA80F0400910BD10B5462104464820AD
:10F55000FFF7B8FB00F0FE0040EA04024621482015
:10F56000FFF70CFC46214820FFF7ACFB00F0010040
:10F57000001BB0FA80F0400910BD00BF10B510218B
:10F5800004464820FFF79EFB20F0200242EA441286
:10F59000D2B210214820FFF7F1FB10214820FFF7DD
:10F5A00091FBC0F34010001BB0FA80F0400910BD81
:10F5B00010B5FFF743FB0446002800F040821021FD
:10F5C0004820FFF77FFB102100F0DF024820FFF703
:10F5D000D5FB10214820FFF775FB10214820FFF7CD
:10F5E00071FB102100F0F7024820FFF7C7FB102144
:10F5F0004820FFF767FB10214820FFF763FB40F02E
:10F600000400C2B210214820FFF7B8FB10214820A7
:10F61000FFF758FB05214820FFF754FB1121482034
:10F62000FFF750FB19214820FFF74CFB192100F090
:10F630001F024820FFF7A2FB19214820FFF742FBD9
:10F6400019214820FFF73EFB00F0E30040F01002D4
:10F6500019214820FFF792FB19214820FFF732FBC0
:10F6600019214820FFF72EFB192100F0FD02482048
:10F67000FFF784FB19214820FFF724FB1A214820BB
:10F68000FFF720FB1A2100F01F024820FFF776FB4E
:10F690001A214820FFF716FB1A214820FFF712FB1A
:10F6A00040F01800C2B21A214820FFF767FB1A2168
:10F6B0004820FFF707FB1A214820FFF703FB1A2118
:10F6C00000F0F8024820FFF759FB1A214820FFF705
:10F6D000F9FA1B214820FFF7F5FA1B2100F01F0261
:10F6E0004820FFF74BFB1B214820FFF7EBFA1B21BB
:10F6F0004820FFF7E7FA00F0E00040F008021B2185
:10F700004820FFF73BFB1B214820FFF7DBFA1C21B9
:10F710004820FFF7D7FA00F0030040F004021C2154
:10F720004820FFF72BFB1C214820FFF7CBFA1C21B8
:10F730004820FFF7C7FA00F0FC0040F001021C214E
:10F740004820FFF71BFB1C214820FFF7BBFA1D21B7
:10F750004820FFF7B7FA1D2100F0FD024820FFF70F
:10F760000DFB1D214820FFF7ADFA1E214820FFF7B1
:10F77000A9FA00F0030040F060021E214820FFF7C4
:10F78000FDFA1E214820FFF79DFA1E214820FFF7B1
:10F7900099FA1E2100F0FD024820FFF7EFFA1E2122
:10F7A0004820FFF78FFA20214820FFF78BFA00F05E
:10F7B0000F0040F0A00220214820FFF7DFFA2021AF
:10F7C0004820FFF77FFA19214820FFF77BFA19211B
:10F7D00000F0FE024820FFF7D1FA19214820FFF778
:10F7E00071FA19214820FFF76DFA192100F0FE0285
:10F7F0004820FFF7C3FA19214820FFF763FA1021C8
:10F800004820FFF75FFA40F01000C2B210214820F4
:10F81000FFF7B4FA10214820FFF754FA2A214820B4
:10F82000FFF750FA2A2100F0F7024820FFF7A6FA66
:10F830002A214820FFF746FA2C214820FFF742FAF8
:10F840002C2100F0F7024820FFF798FA2C214820DD
:10F85000FFF738FA2E214820FFF734FA2E2100F066
:10F86000F7024820FFF78AFA2E214820FFF72AFAEC
:10F8700028214820FFF726FA282100F0FC02482022
:10F88000FFF77CFA28214820FFF71CFA292148209D
:10F89000FFF718FA292100F03F024820FFF76EFA1F
:10F8A00029214820FFF70EFA2B214820FFF70AFAFA
:10F8B0002B2100F03F024820FFF760FA2B2148205F
:10F8C000FFF700FA2D214820FFF7FCF92D2100F069
:10F8D0003F024820FFF752FA2D214820FFF7F2F9A6
:10F8E00029214820FFF7EEF940F03F00C2B229215C
:10F8F0004820FFF743FA29214820FFF7E3F92A219E
:10F900004820FFF7DFF900F0F80040F006022A2156
:10F910004820FFF733FA2A214820FFF7D3F92B219B
:10F920004820FFF7CFF900F0C00040F038022B214B
:10F930004820FFF723FA2B214820FFF7C3F92C2199
:10F940004820FFF7BFF900F0F80040F006022C2134
:10F950004820FFF713FA2C214820FFF7B3F92D2197
:10F960004820FFF7AFF900F0C00040F014022D214D
:10F970004820FFF703FA2D214820FFF7A3F92E2195
:10F980004820FFF79FF900F0F80040F006022E2112
:10F990004820FFF7F3F92E214820FFF793F938218B
:10F9A0004820FFF78FF900F0800040F05002382126
:10F9B0004820FFF7E3F938214820FFF783F9392180
:10F9C0004820FFF77FF900F0F80040F001023921EC
:10F9D0004820FFF7D3F939214820FFF773F90521B3
:10F9E0004820FFF76FF946214820FFF76BF94621C1
:10F9F00000F0FE024820FFF7C1F946214820FFF73A
:10FA000061F9002206214820FFF7B8F906214820B5
:10FA1000FFF758F9002207214820FFF7AFF9072127
:10FA20004820FFF74FF900214820FFF74BF901214B
:10FA30004820FFF747F904214820FFF743F9204603
:10FA400010BD00BF074A0849084801235364D2F893
:10FA500044350A68A0FB03139B0A4FF47A7000FB3D
:10FA60000230704700900040AC700120D34D62100E
:10FA7000074BD3F8402102B97047064A0021C3F86A
:10FA8000401113680E2001331360FEF799BF00BFC9
:10FA900000900040AC7001202DE9F0031A491B4F83
:10FAA0001B4B01264E64D1F84455D7F800804E64B4
:10FAB000A8FB03894FF47A744FEA151CD1F844254A
:10FAC00004FB00F018EB0C0449F10005120924189E
:10FAD00045F1000518EB020849F10009A94508BFE6
:10FAE000A0450DD29C4620BF4E64D1F8442538680D
:10FAF00012090023ECFB0023AB4208BFA242F2D361
:10FB0000BDE8F003704700BF00900040AC700120DA
:10FB100040420F0038B5FCF719FF10BB0020FCF77E
:10FB200039FFFAF7ADFB28BB144B154A1549164DA2
:10FB3000002002241060C3F808450122C3F8100514
:10FB40004FF48034E020C3F84055C3F80022C3F8D6
:10FB5000044381F809034FF400700860DA601A600A
:10FB600038BDFAF7A9F90020FCF714FFFAF788FB73
:10FB70000028D9D0FAF7A0F9D6E700BF00900040DE
:10FB8000AC70012000E100E00024F400014B0122F0
:10FB90001A617047009000400249034A00230B603D
:10FBA00013707047B4700120B170012010B5054C7E
:10FBB000237803B110BD1520FEF702FF0123237047
:10FBC00010BD00BFB170012010B5054C00F036FC2F
:10FBD000204606F09BFC236801221A6110BD00BF7D
:10FBE000C82E002008B500F081F86420FFF754FF0C
:10FBF00000F044FB01212420FFF70AF92420002211
:10FC00004FF48071FFF766F94FF0A04303214FF4E2
:10FC10008052C3F83017C3F8082500F0E1F800F06F
:10FC20006FFBBDE80840014806F070BCC82E0020FC
:10FC300008B500F0E9FBBDE8084000F0BFBB00BF1D
:10FC400070B5114D2B78DBB10024104E2046346086
:10FC500000F0AEFB00F000FC00F0B0FB0C4B346099
:10FC600001211D201C70FDF7A3F901224FF48071C2
:10FC70002420FFF72FF92B780BB901232B7070BDCF
:10FC8000044806F035FCDFE7B8700120B4700120AD
:10FC9000B1700120C82E002038B590B9114D2B78D5
:10FCA00003B938BD0446012000F090F80520FFF7A5
:10FCB000F3FE01224FF480712420FFF70BF92C7022
:10FCC00038BD00224FF480712420FFF703F905208E
:10FCD000FFF7E2FE002000F079F8024B01221A70D3
:10FCE00038BD00BFB0700120704700BF00B589B0BB
:10FCF00007F08AF900284BD14FF0C061002306912C
:10FD00002C4A2D48079306A906F03CFB00284ED14B
:10FD10002A4A2B4B2B4912681B680968116028205E
:10FD20001A0C05A9ADF814308DF81620FCF74EFF1B
:10FD3000002839D1002101231F4800911A4606F0FE
:10FD400015FC0DF1130006F07DF850BB1A4B196835
:10FD5000282001F5A0710391FDF708F803990246E8
:10FD60009DF8130006F0D0F8C0B99DF8130006F016
:10FD700005F980B92820FCF7E7FF134B0E4840F245
:10FD80000332C3F8202706F0B3FB09B05DF804FB8B
:10FD9000FAF792F8B0E7FAF78FF8EBE7FAF78CF892
:10FDA000E3E7FAF789F8D1E7FAF786F8C2E7FAF756
:10FDB00083F8ADE7E9FC0200D02E0020D82E002009
:10FDC00064860300BC7001200003005010B103489A
:10FDD00006F08EBB014806F099BB00BFD02E002074
:10FDE00008B500224FF480712420FFF773F8002239
:10FDF00043F267012420FFF76DF8002240F2016111
:10FE00002420FFF767F8FF2243F262012420FFF766
:10FE100061F800224FF464712420FFF75BF801229F
:10FE200040F283312420FFF755F8012240F2873158
:10FE30002420FFF74FF801224FF450712420FFF7E0
:10FE400049F8042240F241312420FFF743F801220F
:10FE500040F242312420FFF73DF8782240F243314E
:10FE60002420FFF737F8012243F210012420FFF786
:10FE700031F87F224FF454712420FFF72BF80A2227
:10FE800043F244012420FFF725F8002243F2450104
:10FE90002420FFF71FF80A2243F247012420FFF72E
:10FEA00019F8C02243F250012420FFF713F8422230
:10FEB00043F251012420FFF70DF8502243F2520182
:10FEC0002420FFF707F8002243F253012420FFF714
:10FED00001F8032243F254012420FEF7FBFFF7222E
:10FEE00043F255012420FEF7F5FFF82243F25601B4
:10FEF0002420FEF7EFFF292243F257012420FEF7CA
:10FF0000E9FF1F2243F258012420FEF7E3FF0022FD
:10FF100043F264012420FEF7DDFF002241F20801D4
:10FF20002420FEF7D7FFA02241F209012420FEF78A
:10FF3000D1FF602241F20A012420FEF7CBFF90227C
:10FF400041F20B012420FEF7C5FF402241F20C01D3
:10FF50002420FEF7BFFF43224FF480512420FEF7F8
:10FF6000B9FF402241F201012420FEF7B3FF322203
:10FF700041F202012420FEF7ADFF082241F2030105
:10FF80002420FEF7A7FF012241F206012420FEF7FC
:10FF9000A1FF082241F207012420FEF79BFF002267
:10FFA00041F212012420FEF795FF07224FF4005181
:10FFB0002420FEF78FFF002242F203012420FEF7E7
:10FFC00089FF1C2242F204012420FEF783FF002255
:10FFD00042F207012420FEF77DFF582242F2080179
:10FFE0002420FEF777FF002242F20B012420FEF7C7
:10FFF00071FF7A2242F20C012420FEF76BFF0022EF
:020000023000CC
:1000000042F20F012420FEF765FFB82242F21001F0
:100010002420FEF75FFF002242F213012420FEF7A6
:1000200059FF582242F214012420FEF753FF002208
:1000300042F217012420FEF74DFF9B2242F21801E5
:100040002420FEF747FF01224FF404512420FEF73D
:1000500041FF602242F201112420FEF73BFF0622FD
:1000600042F202112420FEF735FF052242F203116D
:100070002420FEF72FFF082242F204112420FEF76D
:1000800029FF012242F205112420FEF723FFA022BE
:1000900042F206112420FEF71DFF012242F2071151
:1000A0002420FEF717FF302242F208112420FEF729
:1000B00011FF302242F209112420FEF70BFF00222B
:1000C00042F20A112420FEF705FFFF2242F20B1133
:1000D0002420FEF7FFFE402242F20C112420FEF7FE
:1000E000F9FE102242F20D112420FEF7F3FE002249
:1000F00042F20F112420FEF7EDFEE92242F2101128
:100100002420FEF7E7FE012242F211112420FEF71F
:10011000E1FE172242F212112420FEF7DBFE032239
:1001200042F250112420FEF7D5FE002240F20221B7
:100130002420FEF7CFFE202240F203212420FEF7E8
:10014000C9FE102240F205212420FEF7C3FE012241
:1001500040F20E212420FEF7BDFE402240F20F2186
:100160002420FEF7B7FE802243F235012420FEF75B
:10017000B1FE302243F260012420FEF7ABFE2022C4
:1001800043F259012420FEF7A5FEBDE808400122F4
:1001900043F220012420FEF79DBE00BF022900D0BB
:1001A000704708B51A4A1378762B02D80133DBB2B0
:1001B0001370772B00D008BD0B20FCF765FF4FF0C4
:1001C000A0434FF48052C3F8082500BF00BF00BF12
:1001D00000BF00BF00BF00BF00BF00BF00BF00BF27
:1001E00000BF00BF00BF00BF00BF00BF00BF00BF17
:1001F00000BF00BF00BF00BF00BF00BF00BF00BF07
:1002000000BF00BF00BF00BF00BFC3F80C2508BD82
:10021000C070012010B54FF0A043D3F81025910015
:1002200007D5144C2278C2B9D3F810359B0008D5F5
:1002300010BDD3F810359A00FAD40E4C2378002B59
:10024000F6D14FF0A0434FF48052C3F808251D208B
:10025000FCF71AFF0123237010BD00F04BF8064A8B
:100260000023137023700121BDE810400B20FCF720
:100270009FBE00BFDC2E0020C070012030B5144CA2
:10028000144A236883B00025ADF8003069461B0C82
:100290001D208DF802308DF80150FCF775FD80B9F6
:1002A0006368ADF8043000241B0C0B4A8DF806304F
:1002B00001A90B208DF80540FCF766FD20B903B0BD
:1002C00030BDF9F7F9FDEBE7F9F7F6FD03B030BD06
:1002D00068860300150203009D0103004FF0A04350
:1002E0004FF480520248C3F80C2506F00FB900BF46
:1002F00070860300014806F0FBB800BF708603005B
:1003000000B585B04FF0C061002302910A4A0B4846
:10031000039302A906F036F858B901230093074861
:10032000102341F28832042106F020F905B05DF86F
:1003300004FBF9F7C1FDF0E7DD020300708603005E
:1003400030B587B006AB03E907009DF80C40012CDF
:1003500001D007B030BD104D2A787AB949F6241380
:1003600000930E490E4B0F482C70FDF7EDFA002854
:10037000EFD007B0BDE83040F9F79EBD0A4A0B49FF
:1003800013680C7003F597337C33136007B0BDE836
:100390003040FFF70BBC00BFC1700120489F022016
:1003A00024060220F82E0020C4700120499F02205C
:1003B000014B1870704700BF499F022010B50D4BCC
:1003C0000D4A0E48002482B021461C70F6F7AEFF9D
:1003D00049F2585300930A49084B0A482246FDF750
:1003E000B3FA08B902B010BD02B0BDE81040F9F789
:1003F00063BD00BFC17001207C2E0100CC700120C4
:10040000489F0220F82E002008B5084A08490948EC
:1004100006F00CFE18B9084B00221A7008BDF9F757
:100420004BFD054B00221A7008BD00BF41030300BD
:10043000E02E0020F82E0020499F02200148FDF701
:1004400055BA00BFF82E0020014B036001487047E9
:10045000CC7001207C2E01000249034A00230B606E
:1004600013607047C4700120C87001206DDF7047B1
:1004700079DF70477DDF704764DF70472DE9F04F0B
:1004800087B00746119D00882C880394BDF848402A
:10049000DDF840A0CDE90142002858D04FF0000916
:1004A00088461E46CB4604E03A880BF1010B934583
:1004B0002CDAD8F8002052F82B00059000220DF11C
:1004C000130105A8FFF7D8FF044658BB9DF8132079
:1004D000B242E9D1B9F1000F28D02A88019B9119C5
:1004E000994239DC52440DF1130105A84FF001097E
:1004F000FFF7C2FF002834D129889DF813200A4451
:100500002A803A880BF1010B9345D2DBB9F1000F39
:100510001DD02B88039A013B9B1A9BB2FF2B1BD843
:100520000AF80230204607B0BDE8F08F2A88019B08
:10053000511C324402329A4289B20DDC029B29805E
:100540000AF801302A88013292B22A80CAE70024D0
:10055000204607B0BDE8F08F0C24204607B0BDE868
:10056000F08F0446204607B0BDE8F08F2DE9F04734
:1005700000231788138090F82D3088B01446054664
:100580000E46002B40F00081AA78002A40F0F5804A
:10059000E978A1B1DA1CBA4200F2F2800222F254E8
:1005A000238801339BB201222380F2542388134411
:1005B0009BB22380F154238813449BB223806A6842
:1005C000AAB1D91CB94200F2DB80022192F90020C5
:1005D000F154238801339BB20A212380F1542388EC
:1005E00001339BB22380F2542388013323802B896B
:1005F000002B40F0F3802B8A002B40F02B812B8BBB
:10060000002B40F046812B6A002B44D02088821DAD
:10061000BA4200F2B5801A88052A40F299816FF437
:10062000486802EB080189B24FF27D3C614540F217
:100630008F815988052940F28B816FF4486E8E4472
:100640001FFA8EFEE64540F283814FF6FF7C62453D
:1006500004D0614502D08A4200F27A8105223254E8
:100660002288013292B212212280B15422880132B2
:1006700092B222801988B1543244090A51702288FA
:10068000023292B222805B88B35432441B0A537008
:100690002388023323806B6A002B2FD09988B4F80B
:1006A00000C0881C0CF102020244BA4268D8FE283D
:1006B00066D8033106F80C102288013292B2FF216D
:1006C0002280B1542288013292B222801988B1541A
:1006D0003244090A51702088023080B220809A8802
:1006E00062B199680593002900F032813044F8F72F
:1006F0006FF9059B9A8823881344238095F82C3042
:10070000002B40F0E380287800283AD02B88012B7A
:1007100000F01E8123889A1CBA4231D8012804D1E6
:100720006978023119448F422AD3023FFF1ABFB2BF
:10073000B01806A9ADF81870FFF79CFE08BB2B781F
:10074000022B00F00D816978BDF818209142C0F0AD
:1007500003819742C0F0008117460922FE2F0FD86F
:100760002388791CF154238801339BB22380F254EF
:10077000238801331F44278003E00433BB424CD954
:100780000C2008B0BDE8F087082FF9D906A8FFF7BC
:100790006DFE0028F5D123880822F2542388013306
:1007A0009BB21B222380F2542088013080B220802B
:1007B000062230440DF11901F8F70AF923889DF853
:1007C000182006339BB212F0FE0218BF01222380CC
:1007D000F254238801339BB22380D5E605F1080843
:1007E000022305F10C01CDE90147009640461A4667
:1007F0000591FFF743FE0028C3D1CDE901470599D4
:100800000096404610230622FFF738FE0028B8D194
:100810002B8A002B3FF4F3AE1CE006A8FFF728FE5E
:100820000028AED12388BDF818200321F154238875
:1008300001339BB219212380F154238801339BB2E9
:10084000F1182380F254130A4B70238802339BB2B1
:1008500023809DE605F1100805F11401CDE901475B
:1008600000964046022303220591FFF707FE002869
:1008700087D1CDE90147059900964046102307220C
:10088000FFF7FCFD00287FF47CAF2B8B002B3FF49F
:10089000BAAE05F1180805F11C01CDE90147009633
:1008A0004046022314220591FFF7E8FD00287FF45B
:1008B00068AFCDE9014705990096404610231522FF
:1008C000FFF7DCFD00283FF49EAE5AE7A96A002935
:1008D0003ED04FF000094B464FF0160A2BE023881C
:1008E000F054238801339BB2238006F803A02388A9
:1008F00001339BB2238031F82220F2543344120A90
:100900005A702088023080B22080B8F80420304429
:100910004AB1D8F80810D9B1F8F75AF8B8F8042055
:1009200023881344238095F82C205FFA89F39A4298
:100930007FF6E9AEA96A03EB430201EB820809F1F5
:100940000109B8F80430D81C0233FE2BC7D917E7C9
:10095000072008B0BDE8F087012B08D00822FDE68B
:10096000BDF818309F42F9D31F460922F6E68F42A0
:10097000F4D30F460822F1E618B3012910B44FF062
:1009800000030ADDC4186478944206D0C45C0134C4
:1009900023449BB25C1CA142F4DC8B4209D2C25CB2
:1009A0003AB1013A94B224B19A1C93B21C44A142C8
:1009B00003DA00205DF8044B704718445DF8044BDF
:1009C0007047704772DF704773DF704770B5044639
:1009D00000F2264681700D46304607220021F6F7C8
:1009E000A5FCE38813B1A378012B75D0E379002B24
:1009F0006FD194F82734002B7BD194F82834002B46
:100A000077D194F82934002B73D194F82A34002B31
:100A10006FD194F82B34002B6BD194F82C341A1E20
:100A200018BF01226B1E032B00F24581DFE803F0A3
:100A300002060B0EA379002B40F09C80E37913B1E2
:100A4000002A40F03181237A002B68D1657A002D8D
:100A500051D1A570002384F82F3404F13C051822ED
:100A600000212846F6F762FCE26A0123511E9942F2
:100A700084F83C301BD9042A19D094F8242084F837
:100A80005130DAB1A36A5A1E012A2FD9042B2DD076
:100A9000012384F85230A378002284F85020042BDC
:100AA00000F2F680DFE803F03D479BB4AB00D3B221
:100AB00094F8242084F85130002AE3D1A37884F8F4
:100AC0005020042B00F2E480DFE803F02B35CDD278
:100AD0005D00A378022B8CD1636B002B00F0E180CA
:100AE000012284F82D240820984782E784F85230A8
:100AF000D1E7012296E70422636BA270002BA9D0F4
:100B00006279002AA6D094F82E24002AA2D10121CD
:100B100084F8302484F82F14072098479DE7032297
:100B2000EAE7002384F83130636B13B194F83100A5
:100B30009847002070BD00230120022180222664F6
:100B400084F83100C4F82034636484F83C10A4F8BD
:100B5000482000212A4604F15400FFF733FF002803
:100B6000E8D194F8301094F85400FFF72DFF0028D6
:100B7000DAD070BD94F82430002B7FF45FAF002AE8
:100B80003FF461AF65E7D4E907126164A4F8482037
:100B90006279002A7FD094F82E24002A7BD194F821
:100BA0003024002A77D00223B4F81414D4F81004A7
:100BB00084F850300122FFF7DFFE08B104230370F0
:100BC00004F5826631462A4604F15400FFF7FAFE26
:100BD00000286BD10622A37884F8312053E0022349
:100BE00084F831300723D4E9032184F83C30002312
:100BF0002664A4F84810C4F820346264A9E7D4E954
:100C0000072162640622A4F8481084F83C20BFE75C
:100C1000D4E9052162640622A4F8481084F83C2037
:100C200062795AB394F82E2442BB94F830242AB344
:100C30000223B4F81414D4F8100484F850300122BC
:100C4000FFF79AFE08B10423037004F5826631466B
:100C50002A4604F15400FFF7B5FE38BB0522A378FD
:100C600084F831200FE0022384F831300323BAE7FF
:100C7000D4E905126164A4F84820D1E7032284F87E
:100C8000312004F58266C4F82064002B3FF44CAF99
:100C9000D4F820145EE7042284F8312004F582663B
:100CA000F1E784F82D34A4E60225D2E6A378002BE0
:100CB0003FF43AAFECE70023A370CBE680F83010A6
:100CC000704700BF002974D0F8B50446002872D0E0
:100CD00091F87A300F4623B191F898300BB1072084
:100CE000F8BD4FF0000C84F802C007F178060FCE73
:100CF000251D0FC50FCE0FC596E8070085E8070034
:100D000084F830C0D7F8A4306363D7F8A830A36361
:100D10004FF6FF7504F58263C4F820346146A4F8E9
:100D20002454072204F22640F6F700FB23780BB97F
:100D300084F8545094F82430002B14BFEE231F2362
:100D400004F15501A4F81434C4F8101404F2144248
:100D50003846FFF70BFC0028C2D194F82430002B52
:100D600014BFEE231F2304F2312107F13C00A4F845
:100D70001C34C4F8181404F21C42FFF7F7FB0028D7
:100D8000AED1D4E905364FF48072012520640146C6
:100D9000A4F85020A4F8486084F83C50636404F13F
:100DA0003C0204F15400FFF70DFE002898D1257095
:100DB000F8BD0E2070470E20F8BD00BF03780BB1C0
:100DC000FFF704BE0820704710B50388112B0C46AE
:100DD0000BD0262B22D0102B00D010BDC37B012BB3
:100DE000FBD18388A1F8243410BD002381F82E3470
:100DF0008288B1F824349A42EFD10B79002BECD1E0
:100E00000B7813B301212046FFF7E0FD0028E4D062
:100E1000A36B002BE1D0BDE810401847037A013BDB
:100E2000012BDAD80B7883B18978094B0131A3FB08
:100E3000012303F4FE7202EB9303C91AC9B22046E0
:100E4000FFF7C4FD0028E3D110BD0820E0E700BF94
:100E5000CDCCCCCC75DF704776DF70477ADF70473A
:100E60007BDF704770B51B4D2B8884B2A34282B0E4
:100E700011D1194E297A327B91420ED3337C002254
:100E80002A72DBB9736933B10022ADF806408DF8E0
:100E9000042001A8984702B070BD184605F10A0168
:100EA000FFF7D8FF28B11128F5D0B369002BF1D195
:100EB000F1E72B7A01332B7202B070BD3B21204643
:100EC000FFF7CAFF30F00803DCD0B369002BD9D09C
:100ED0009847D7E7689F02204C9F0220F0B5028810
:100EE000122A83B003463ED015D8102A73D0112A97
:100EF0000FD16C4C828823889A420AD16068F9F736
:100F000069FA18B1684B9B6903B198474FF6FF73B4
:100F1000238003B0F0BD502AFBD1634DC188EA891C
:100F20009142F6D1028A022AF3D15E4C8288268849
:100F30009642EED1123000F0A9F9002800F09C8012
:100F4000637A002B40F09F80D5E90113277A60680F
:100F50003246002F18BF1946F9F7DEF90028D8D01D
:100F6000AB693BBBD5E74F4C828821889142D0D1F9
:100F70004089658985421FD8A58985421CD3E089AF
:100F80009D8940F2F313984294BF031AC31AAB42EF
:100F900012D800F2F310A8420ED3434B5B694FF412
:100FA00080722281002BB4D00122ADF806108DF89A
:100FB000042001A89847ACE73B4D267A6068D5E944
:100FC0000113002E18BF194600236372F9F7A4F924
:100FD0000028C5D19DE7C67B012E9AD1314C2188CE
:100FE0004FF6FF7291423FD1304D8288228003CD6F
:100FF000C4F80A00C4F80E10598A60890025884296
:10100000257222D8A08988421FD3E189988A40F2AC
:10101000F313994294BF4B1ACB1A834215D801F2AD
:10102000F311814211D3204D6672EB89002B7FF4BE
:1010300070AF6B69002B3FF46CAF0121ADF8062057
:101040008DF8041001A8984763E7174DEB8900213C
:101050006172002B7FF45DAF60686968F9F75CF935
:1010600000283FF456AF7BE70F4B9B69002B3FF402
:1010700050AF042098474CE76068F9F7ABF90028B7
:101080003FF447AF6CE76B6900222272002B3FF4FC
:1010900040AF0122ADF806608DF8042001A8984702
:1010A00037E700BF689F02204C9F02207C9F0220F0
:1010B00070B3F8B5054606460FCD164F3C460FC433
:1010C000844695E80700144D3D6084E80700BCF1B4
:1010D000000F17D06046FFF7C1FE90B9336818685B
:1010E000596803C50D4B0E490E4A18464FF6FF745A
:1010F00040F8041F1C800021F9F7F8F8002818BFF9
:101100000320F8BD2846FFF7ABFE0028EAD0F8BD63
:101110000E2070474C9F02207C9F0220689F022077
:10112000889F0220650E03002DE9F0470388878819
:10113000103B98B004460A2B1CD8DFE803F0302996
:101140001B1B1B1B1B1B1B1E0600037A46483F2B49
:101150004FEA1314394667D8FAF7EAF8032C65D03A
:1011600042483946FAF7E4F8022C63D04048394641
:10117000FAF7DEF818B0BDE8F087037A002BF9D152
:10118000437A39481B0739466BD5FAF7C7F8F1E7B8
:1011900038483946FAF7CCF818B0BDE8F087364A37
:1011A0009368DB43009351686846FAF7E3F8009BC5
:1011B0000193019B83B300263546294601A8FAF71F
:1011C000C1F828B118AB03EB4603013623F8285CBD
:1011D0000135142DF1D10D960DF1340CBCE80F0042
:1011E00002AD0FC5BCE80F000FC59CE8070085E8FD
:1011F00007008EB10DF10A08DFF888A008EB46065B
:1012000038F8029F1D4D284649460435FAF790F8F4
:10121000AA45F8D1B045F3D1132F12D90420F8F71D
:101220004BFE18B0BDE8F087FAF778F80F4839465A
:10123000FAF774F80E483946FAF770F818B0BDE8B6
:10124000F0870C483946FAF769F80C483946FAF73E
:1012500065F8E37B022B8DD109483946FAF75EF831
:1012600088E7FAF765F885E7C09F0220BC9F022057
:10127000B89F0220B09F0220A89F0220AC9F0220AE
:10128000B49F022024A00220AADF7047007800F05B
:1012900001007047F0B58B7891B0012B0C4609889E
:1012A000ADF80C1038BF01230546164668460322E8
:1012B00000218DF80E30F6F739F8637C0022013BEF
:1012C0008DF80020042B09D8DFE813F0CF00D300FD
:1012D000D700DB00050022238DF80030A37C00221C
:1012E000013B8DF80120042B09D8DFE813F0CE0074
:1012F000D200D600DA00050022238DF80130E77B0A
:10130000237B207C217D9DF8022043EAC70343EA2A
:10131000001322F01902002903F0190343EA020323
:1013200014BF0222012262F3420309A81C220021F9
:101330008DF80230F5F7FAFF637B13F0300F73D1AD
:10134000627BA37B8DF824200021142204A88DF851
:101350002530F5F7EBFFA368A288CDF814D003A9D8
:101360000491ADF81C201BB1E2880893ADF8182059
:10137000A369002B36D001AF032200213846F5F7D0
:10138000D5FFA2691388ADF82C305388ADF82E3004
:1013900051680D97137B0A91013B00218DF80410D1
:1013A000042B2DD8DFE803F095999D89290022238D
:1013B0008DF80530977A137AD07A917B9DF80620C4
:1013C00043EAC70343EA001322F01902002903F09D
:1013D000190343EA020314BF0222012262F342030B
:1013E0008DF80630E36903B10C93334604AA09A9CA
:1013F0002846FFF749FF11B0F0BD22238DF80430D5
:10140000537B0021013B8DF80510042BD2D801A19C
:1014100051F823F0C3140300CB140300AB140300F2
:10142000B3140300AF13030002AF032238460021B8
:10143000F5F77CFFE37C0022013B8DF80920042BAB
:1014400007D8DFE803F0525E5A56030022238DF8D6
:1014500009309DF80A300E97012262F342031122EF
:101460008DF80A308DF808206AE711238DF80030D6
:1014700034E721238DF8003030E731238DF8003038
:101480002CE712238DF8003028E711238DF8013066
:1014900035E721238DF8013031E731238DF8013014
:1014A0002DE712238DF8013029E731238DF805301F
:1014B00080E712238DF805307CE712238DF8043085
:1014C0009EE711238DF8053074E721238DF8053050
:1014D00070E711238DF8043092E721238DF8043052
:1014E0008EE731238DF804308AE711238DF8093017
:1014F000AFE712238DF80930ABE731238DF80930BF
:10150000A7E721238DF80930A3E700BF90DF7047DC
:10151000A5DF7047B5DF704708B90E20704770B47B
:1015200003460161074CC3F806404FF0F716FB2550
:10153000002041F6FB321E601D7158819A8170BCFB
:10154000704700BFF700170040B1A1F11703E02B6F
:1015500002D8018000207047072070470E20704796
:1015600018B109B9008970470020704720B30B46B5
:10157000A2F11B01C9B2E02919D84FF6FF718B42C5
:1015800017D0A3B910B591B21C4684B061F30F0413
:10159000027361F31F446A46184602A9039300933D
:1015A0000294ADF80430FFF7B1FF04B010BD07207E
:1015B00070470271002070470E20704748B142B159
:1015C0004FF6FF73994208D029B9437B1370084640
:1015D00070470E2070470720704703791370002072
:1015E000704700BF8288002A58D110B50388242B89
:1015F00084B00C4611D80F2B4ED9103B142B4BD86E
:10160000DFE803F05F6C4A4A4A4A4A4A4A4A4A4A71
:101610004A4A4A4A4A4A4A354D003A2B67D0552B26
:101620003AD1C388C988A272172B38BF17238B42BF
:1016300028BF0B4623811046FFF76CFFE37A5BBBA4
:1016400023694BB32289ADF80C2040F67721029133
:10165000204602A99847A37A3BB1E1880020FFF712
:1016600057FF10B94FF48073638104B010BD0A7B3B
:10167000037A93424FF0000128BF134663F30F0132
:1016800063F31F41002002916A4602A90390009073
:10169000ADF80400FFF73AFFA37ADDE770470B6966
:1016A000027A4A73002BF7D000204DF67A218DF88C
:1016B0000D0002918DF80C2002A920469847A37ACC
:1016C000CAE70B790B73C27B012A2BD0022A26D0E2
:1016D000627B9A42E0D29BB20021CFE7134BC1F864
:1016E0000630002241F6FB334A818B81BDE74389F6
:1016F000C98822698B4228BF0B46172B38BF172396
:1017000023814AB1E17A39B140F677210291ADF8EF
:101710000C3002A92046904700236381A5E74A8840
:10172000CA80D5E70A88CA80D2E700BFF700170051
:10173000B0DF704766DF704760B159B10378DE2BC8
:101740000AD00B684360DE224FF6FF7302704380BD
:10175000002070470E2070470820704738B103788A
:10176000DE2B02D1418000207047082070470E20F8
:10177000704700BF19B330B5054685B018B10B7876
:10178000DE2B0C4601D005B030BD80884B889842D6
:10179000F9D10B7A002B32D12B88112B4BD0512B46
:1017A00012D0012BEFD12B7A012BECD10125257220
:1017B0000021FFF7BFFF002851D12072E3E77047F7
:1017C000A88863888342DED1AB79022BDBD1AA7B68
:1017D00002F0FD01042935D0052AD4D10022694642
:1017E000C1E902224A600092ADF804208DF8003071
:1017F000FFF79EFF0028C6D063689847C3E7002123
:10180000FFF798FF0346D8B1112818D063689847AE
:101810002B88112B0BD0512BD2D0012BB3D12B7A8B
:10182000AA88012BAFD160889042ACD1BEE7AA88CC
:1018300063889A42A7D14FF6FF736380A3E7012321
:101840002372E5E7694600224FF4C0754A600092B2
:10185000C1E902228DF80030ADF80450C8E7112824
:10186000CAD125728FE700BF10DF704711DF7047C4
:1018700070B53C4D2B7884B0002B66D13A4E3B4975
:10188000012302A83370FAF7F5FD039B23B90EE09C
:10189000FAF7FAFD039B53B1D3E9002100209047EA
:1018A000044602A8002CF3D1204604B070BD304994
:1018B00002A8FAF7DFFD039B4BB1D3E9002100201A
:1018C000904702A8FAF7E0FD039B002BF5D1294AC7
:1018D000002312688DF8083002A80192F8F7C2FDC3
:1018E000254901A8FFF7C0FFB0FA80F304465B0961
:1018F0009DF808002B70F8F7DBFD002CD4D11F4BAE
:101900001F491C70347091F81623EC2352091341BF
:10191000DB071ED51B4B9A6802B31A6842F480029B
:101920001A60134902A8FAF7A5FD039B002BBBD050
:10193000D3E900210120904702A8FAF7A5FD039BF7
:10194000002BF5D1204604B070BD0824204604B019
:1019500070BD42F20200F8F7AFFAE2E74FF48003FD
:101960000B60DEE725A0022024A002207C86030075
:101970009486030078860300D99E020026A00220E8
:1019800000E100E054AA0220F0B5344D2B7883B07A
:10199000002B59D0324E3349012368463370FAF791
:1019A00069FD019B23B90EE0FAF76EFD019B53B16F
:1019B000D3E900210120904704466846002CF3D16A
:1019C000204603B0F0BD28496846FAF753FD019B55
:1019D0004BB1D3E90021022090476846FAF754FD45
:1019E000019B002BF5D1002768468DF80070F8F7B1
:1019F00039FDFFF73BFF04469DF800002F70F8F714
:101A000057FD002CDCD1194B34709A6802BB184B7F
:101A10004FF48002C3F88020BFF34F8FBFF36F8F66
:101A200011496846FAF726FD019B002BC8D0D3E97F
:101A30000021032090476846FAF726FD019B002B02
:101A4000F5D1204603B0F0BD0824204603B0F0BD18
:101A50001A6822F480021A60E2E700BF25A0022083
:101A600024A002207C8603009486030054AA02204E
:101A700000E100E0054B1B7833B1054B1B780BB13F
:101A8000FFF782BFFFF7F4BE0820704724A00220B2
:101A900025A00220014B1878704700BF25A0022026
:101AA00000B583B008496846FAF7E4FC019B43B1EE
:101AB000D3E9002090476846FAF7E6FC019B002B2B
:101AC000F6D103B05DF804FB8886030060DF704741
:101AD00069DF704761DF704730B5134DADF5017DAB
:101AE0004FF4FA740DF1020103A8ADF80240FFF7BC
:101AF000F1FF88B9294601A8FAF7BCFC029B002B2C
:101B0000F0D0D3E9002103A8904701A8FAF7BCFC64
:101B1000029B002BF5D1E5E7052801D0F8F7CCF9B9
:101B20000DF5017D30BD00BFA0860300024B1B7880
:101B30000BB1FFF7D1BF704727A00220002961D069
:101B4000F0B5314B0B6085B00C4606460C2201A85F
:101B50000021F5F7EBFB01274FF4C8732268ADF8BD
:101B6000083001A920208DF804608DF80670FFF779
:101B7000AFFF01A80C220021F5F7D8FB0025226851
:101B80008DF8057001A94020ADF80650FFF7A0FFC1
:101B9000294601A80C22F5F7C9FBF7232268ADF806
:101BA000063001A923208DF80460FFF791FF294634
:101BB00001A80C22F5F7BAFB22688DF8047001A980
:101BC0003846FFF785FF294601A80C22F5F7AEFB42
:101BD0004FF4B0632268019301A9A120FFF778FFB9
:101BE000294601A80C22F5F7A1FB9DF804302268D4
:101BF0003B4301A9A0208DF80430FFF769FF284678
:101C000005B0F0BD0E207047482C002008B5FFF746
:101C10005DFF10B9014B01221A7008BD27A00220F8
:101C20004BDF704710B5114C84B001A8FFF7F8FFE7
:101C3000A8B9214602A8FAF71DFC039B002BF4D09B
:101C4000D3E900210198904702A8FAF71DFC039BF5
:101C5000002BF5D101A8FFF7E3FF0028E9D0052804
:101C600001D0F8F729F904B010BD00BFAC8603001D
:101C7000054B1A6832B1054A00205071186013688C
:101C800091681847704700BF0091024028A00220C9
:101C90002DE9F041054680684F4E82B000244FF494
:101CA0000072214600F22A208DF80340F5F73EFB32
:101CB00028694A49F9F768FC2869F9F759FC46F0A0
:101CC00001064FF47A78686803680DF103011F6913
:101CD000012201ABB847019B611CC3B19DF80320F1
:101CE000AB681B2A05D093F82A021B28EBD1522A95
:101CF0001CD023448CB2092C83F82A22E3D9AB6888
:101D0000002283F82A22042002B0BDE8F0814FF6B9
:101D1000C010B047019B002BD5D108F1FF371FFA47
:101D200087F8B8F1000FCED10D20EDE71C4400205C
:101D300084F82A02AF6897F82B325B2B45D107F263
:101D40002B26022303E0B3F5007F90B239D016F8BA
:101D5000014F00EB8002A4F130013B2C01EB420269
:101D600099B203F10103EED14B1C9BB2B3F5007F96
:101D700027D003F22A243C441B1B9AB2002603E01E
:101D8000B1F5007F9EB21CD214F801CB06EB86039E
:101D90000CEB43031119303B89B2BCF1000FEFD1BA
:101DA000FA2E28BFFA26BE82AB68FA288ABFFA222A
:101DB00018831A83AB68002083F82A0202B0BDE8BA
:101DC000F0810C2002B0BDE8F08187F82A020B20D8
:101DD00002B0BDE8F08100BF808B0300708B030070
:101DE000F8B51E46D9B91A4C1A4B1B1BB2EBD30FD0
:101DF0004FEAD3051DD2E5B1174F04EBC50507EB3C
:101E0000820702E00834AC4213D061683868096880
:101E1000F7F7DCFB0028F5D163683360F8BD40B10B
:101E200003784BB14368069910469847069B1B6898
:101E30005BB900233360F8BD4368110103EB021264
:101E40005B58002BF5D03260F8BD069B3360F8BDBF
:101E50003C8F03008C8F0300082F00202DE9F047F2
:101E600007460023844E3B6082B0184688461446DD
:101E70001D4605E0002304F8013B38680B2864D8B0
:101E80002378002B61D0F35C13F00802F2D1431CDD
:101E90003B6048F820402378002B6CD015464DB1AC
:101EA000AB4235D05C2B637813D00134002BE4D0E7
:101EB000002DF5D11D46272D37D12046F5F7A8FE78
:101EC000611C02462046F7F77FFE2378002BEFD1F6
:101ED000D3E7AB4200F08380302B4ED01A46782AED
:101EE000E3D1A278A2F130095FFA89F9B9F1090FBB
:101EF00000F29680E278A2F13003DBB2092B7ED8A3
:101F000043EA09195FFA89F903214FF0040A51E005
:101F10002046F5F77DFE611C02462046F7F754FE89
:101F20002578002DA9D0272DC7D05C2D14D0222DC7
:101F3000C3D0002DECD0735D1B071CD414F8015FD7
:101F4000002DF0D138680B289AD9002348F82030AA
:101F5000284602B0BDE8F0872046F5F759FE04F1A7
:101F60000109024649462046F7F72EFE65784C46A1
:101F7000002DD8D181E700257FE7A278A2F13009B2
:101F80005FFA89F9B9F1070FA9D8E378303BDBB2E2
:101F9000072B6DD82279303A43EAC909D3B2072B0F
:101FA0004FFA89F936D843EAC9095FFA89F9042159
:101FB0004FF0050A214420460191F5F729FE023031
:101FC000A0EB0A0201992046F7F7FEFD224602F82F
:101FD000019B63781446002B7FF46AAF4DE72046DF
:101FE000F5F716FE04F10109024649462046F7F7C7
:101FF000EBFD63784C46002B7FF45AAF3DE7A2F12E
:102000006103052B2BD9A2F14103052B30D8373AB8
:1020100042EA09195FFA89F903214FF0040AC9E776
:10202000A2F1610105290FD9A2F1410105293FF66D
:102030003CAF373A5FFA82F9E278A2F13003DBB2C3
:10204000092B7FF65DAFDAE7573A5FFA82F9E2785B
:10205000A2F13003DBB2092B7FF652AFCFE7573A3C
:1020600042EA09195FFA89F903214FF0040AA1E74E
:1020700002214FF0030A9DE7548003002DE9F04F41
:102080007E4D0B78EB5C89B013F008030191074695
:10209000029200F0F1800B46C1F10101C81813F85B
:1020A000012FAA5C1607F9D48346DDE901239B1AA8
:1020B0000593D946B846019C2046F5F7A9FDD8F806
:1020C0000830B3F81EC0029BA0EB0900ACEB030B79
:1020D000584573D9059ACDF8009009F1FF33C4F142
:1020E00001062344A6EB090AA2EB090E0AEB03043E
:1020F00006EB03095A78A95C013309070EEB0300CC
:1021000002D50A2A55D0A3468445EFD8DDF80090C1
:10211000019A09EB0B030493D3185C460393D8F898
:102120001000F9F725FA2CB34FF0000B07ABCA46A5
:10213000D8F80400019902680093D76851442246F8
:10214000B8470799009B29B1641A8B4412D009EB58
:102150000B0AEDE7D8F8082011780329E8D0D2F867
:1021600054148906FBD5B2F854146FF34511A2F844
:102170005414DDE7039B1B78EB5C18076AD5049BBE
:10218000019A13441C4606EB040914F8013FEB5C6A
:102190001B07F8D43A49D8F81000F9F7F5F9029B73
:1021A000002B88D03749D8F810001A46F9F7ECF917
:1021B00081E7CDE90339DDF80090B0E74946CB4629
:1021C0004746002839D0019A09F1FF3313444FF0F4
:1021D000000903E009F1010948452ED013F8012F49
:1021E0000A2A01EB0904F5D13869F9F7C1F9B9F107
:1021F000000F15D04FF000080DF11C0A5E467868FC
:10220000019902683144D56853464A46A847079960
:1022100019B3B9EB0109884402D00BEB0806EEE7CD
:10222000631C174938699B46F9F7AEF9029B23B145
:10223000144938691A46F9F7A7F9019B38695B44D4
:102240001946F9F7A1F938690D49F9F79DF909B06F
:10225000BDE8F08FDDF810909CE7B8680378032B99
:10226000CDD0D0F854349D06FBD5B0F854346FF37C
:102270004513A0F85434C2E79B4616E75480030088
:102280008C820300B88603000CB430B585B008AB6F
:10229000816853F8045B0193D1F854345B0704461A
:1022A00003D591F82230082B09D12069294601AACB
:1022B000F9F720FA05B0BDE8304002B070470222BD
:1022C00022316846F6F784FBA36893F82220082A97
:1022D0000BD02E4A2E4902920822039183F8222025
:1022E00020692C496A44F9F74FF901AA2069294667
:1022F000F9F700FA9DF80030A268002B39D092F867
:102300002210994212D02149029103F12F006D2130
:1023100033258DF80D00ADF80E108DF80C5082F8B5
:10232000223020691B4902AAF9F72EF99DF80130E5
:10233000002BBFD0A26892F823109942BAD045F67C
:102340001B3103F12F00ADF8081034256D218DF8F5
:102350000B00ADF80C108DF80A5082F8233020697C
:102360000C4902AAF9F710F905B0BDE8304002B0F7
:10237000704782F822302069074A0649F9F704F9C4
:102380009DF80130002B95D0D4E700BF1B5B313B9B
:1023900033376D00C0860300508B03000CB470B55A
:1023A00084B008AB816853F8045B0193D1F85434CE
:1023B0005B07044602D591F822304BB920692946C3
:1023C00001AAF9F797F904B0BDE8704002B0704770
:1023D000223102226846F6F7FBFAA3682B4A2C4901
:1023E000002683F822602069F9F7CEF801AA206957
:1023F0002946F9F77FF99DF80030A268002B39D003
:1024000092F82210994212D02249029103F12F0032
:102410006D2133258DF80D00ADF80E108DF80C50A0
:1024200082F8223020691A4902AAF9F7ADF89DF81E
:102430000130002BC7D0A26892F823109942C2D075
:1024400045F61B3103F12F00ADF8081034256D213E
:102450008DF80B00ADF80C108DF80A5082F823307F
:1024600020690B4902AAF9F78FF804B0BDE8704063
:1024700002B0704782F822302069044A0449F9F713
:1024800083F89DF80130002B9DD0D4E7508B0300DA
:10249000C08603001B5B313B2DE9F047074686B041
:1024A0005048F5F7B5FB05464F48F5F7B1FBBB685B
:1024B0004E495B684E4A00912D1A08213846FFF7B5
:1024C000E3FEBB685868ADB2002800F08880F5F7DD
:1024D0009FFB84B24548F5F79BFBBB689968204495
:1024E00082B211B13846FFF7C9FD424A0021384691
:1024F000FFF754FF3C48F5F78BFB841C2C44394B09
:102500003D4A0093A4B2234608213846FFF7BCFE9B
:10251000E21C3A4992B23846FFF7B0FDBB68DE686C
:10252000002E52D000242546204632780134230163
:1025300002A9103B8AB173689847029898B10DF1CF
:102540000808F5F765FBA842EED9D8F80000002886
:102550003ED0F5F75DFB85B2E6E77268D05802EB36
:1025600003080028EDD1012C2FD0254ADFF888A0E0
:102570000021384605F10209FFF710FF1FFA89F91B
:102580004FF0000814E073689847029BEBB102AC6F
:1025900008210093524638464B46FFF775FE6168A6
:1025A0006A1D92B23846A9B1FFF768FD08F101082B
:1025B00033784FEA081202A94046002BE3D1746831
:1025C000A35804EB0814002BE2D106B0BDE8F08755
:1025D0000546A9E70B493869F8F7D6FFE6E7044650
:1025E00078E700BF888B0300EC8C0300788B030036
:1025F00090880300C4860300D0860300D8860300B9
:10260000EC8603008C820300022910B5044604D135
:102610008368D3F854349B070BD42069074A0849D0
:10262000F8F7B2FF2069074A0549BDE81040F8F7FE
:10263000ABBFBDE81040FFF72FBF00BF588B0300B2
:10264000C08603005C8B0300F8B504460068A568EB
:1026500000283DD0F5F7DCFAC6B23046EA8C298D69
:10266000EB8B85F8206001441044B1FBF3F7B0FB1D
:10267000F3F203FB171103FB120389B29BB296B26C
:10268000BFB2481C5A1C07F1010E06F1010C80B2C2
:1026900092B21FFA8EFE1FFA8CFC9942A882EA823F
:1026A000A5F818E0A5F81AC014D0E64516D3904254
:1026B0001ED8121A92B21AB9A368DA8C1A85F8BD1C
:1026C00010492069F8F760FFA368DA8C1A85F6E7ED
:1026D0000646C3E7B742F2D0E645E8D2F21B2069CE
:1026E000094992B2F8F750FFA88AEA8A9042E0D9E5
:1026F000821A92B205492069F8F746FFA368DA8C7E
:102700001A85DCE7B8860300FC8603000487030013
:10271000F8B504460068A568002843D0F5F778FAB4
:102720005FFA80FC674638460CF1010C2B8DE98B73
:10273000EA8C85F8207003441044B3FBF1F201FBEE
:10274000123301339BB2B0FBF1FE561C01FB1E019C
:10275000B6B201310EF1010E6345AB822E83E982E0
:10276000A5F81AE022D0012E07D91449206992B2A7
:10277000F8F70AFFAB8A95F820709F42B9B207D3E9
:10278000CA1A013292B2A2B9A36800221A85F8BD12
:102790005A1E521A92B2002AF6D009492069F8F757
:1027A000F3FEF1E707464FF0010CBFE7012EDAD147
:1027B000F8BD04492069F8F7E7FEE5E70C87030058
:1027C00004870300B886030070B586B0002300229A
:1027D0000026CDE9022304468368ADF81060002985
:1027E0005AD1D3F85034002B54D00D46FFF790FF48
:1027F000A26802A9D2F8500401912B460A22F9F7E7
:10280000D7FCA368039AC3F85024A3680199D3F8AE
:102810005004DD8C002800F0828000230A22F9F7A2
:10282000C7FCA168BDF81020D1F850040A232A3152
:102830000132F9F7BDFCBDF81030A2681385A2681B
:10284000AB42D38452D3A368464A20462A33082198
:10285000FFF71AFDA2682068158D00283DD0F5F716
:10286000D7F9A268D38B2844B0FBF3F503FB15001E
:1028700060B12068D58C20B1F5F7CAF9A368DB8B6D
:102880000544B5FBF3F203FB12531BB9206936492B
:10289000F8F77AFE06B070BDD3F85014D3F84C2484
:1028A0009142F7D0D3F84834002BF3D0FFF730FF34
:1028B000A368D3F85004F8B102A933460A22019163
:1028C000F9F776FCA368029AC3F85024A368BDF810
:1028D0001050D3F8500401999FE7D38BB5FBF3F068
:1028E00003FB1055002DD1D0D58CCAE71F4A1D49D6
:1028F0002069F8F749FEA6E703F12A00F5F788F901
:10290000A36885B2D3F84824C3F85024F5B9A36866
:1029100083F82A52A36802A9D3F850047DE703F292
:102920002A20F5F775F950B9A36883F82A00A06842
:102930002A30F5F76DF983B2ADF810307DE7A06865
:1029400000F22A212A3004F07FFBF0E7A06800F1B2
:102950002A0100F22A2004F077FBA36802A9D3F829
:1029600050045AE7C08603008C820300448B0300A6
:102970002DE9F04105460068AC68002869D0F5F7FC
:1029800047F9C6B23046E18C228DE38B84F8206093
:1029900002440844B2FBF3F6B0FBF3F703FB162244
:1029A00003FB1703B6B2BFB20132701C0133791CAE
:1029B000A2822083E3826183AA682868B2F8288013
:1029C00000283CD0F5F724F9AA68D38B4044B0FB2B
:1029D000F3F803FB180068B12868B2F8268020B12C
:1029E000F5F716F9AB68DB8B8044B8FBF3F203FB19
:1029F00012831BB91E492869F8F7C6FDBE422AD0CA
:102A0000628B238BD21A92B282B9A38AE28A934252
:102A100004D8D21A92B222BBBDE8F0819A1A286972
:102A20001449BDE8F04192B2F8F7AEBD12492869E9
:102A3000F8F7AAFDA38AE28A9342EAD9EEE7D38B9C
:102A4000B8FBF3F003FB10800028D3D0B2F8268047
:102A5000CBE7064697E7E28AA38AD21A92B2002A07
:102A6000DAD028690549BDE8F041F8F78DBD00BF0F
:102A70008C820300B88603000C87030004870300E0
:102A8000F8B5D0F808C0BCF8263015469A18B2F54B
:102A9000007F00DA05B9F8BD0F46BCF828100446DF
:102AA0005B1A48199EB22A302A3161446044721C74
:102AB000F7F78AF8A068038D2A332A463946184466
:102AC000F7F782F8A0682A30F5F7A2F8A3681E4A43
:102AD000D884A1680B8D2A330B4420460821FFF7C8
:102AE000D3FBA3681A8D15441D85A2682068158D37
:102AF00008B3F5F78DF8A268D38B2844B0FBF3F543
:102B000003FB150060B12068D58C20B1F5F780F883
:102B1000A368DB8B0544B5FBF3F203FB12531BB92F
:102B20000A492069F8F730FD002EB4D02046BDE8F0
:102B3000F840FFF71DBFD38BB5FBF3F103FB115535
:102B4000002DEDD0D58CE6E7C08603008C82030013
:102B5000F8B583680446DD8C188D2D1AADB205B921
:102B6000F8BD00F12B012A30194418442A46F7F722
:102B70002BF8A268D38C013BD3842068A668002878
:102B800039D0F5F745F8C7B23846328DF38BF18C62
:102B900086F8207002440844B2FBF3F703FB1722C7
:102BA000B0FBF3F1BFB203FB1103013289B2013371
:102BB000781CB2828F4201F101023083F38272836A
:102BC0001BD02069194A1A49F8F7DEFC2069194A16
:102BD0001749F8F7D9FCA168154A0B8D2A330B4425
:102BE00020460821FFF750FB2069134A1049BDE831
:102BF000F840F8F7C9BC0746C7E7A1680C4A0B8D37
:102C00002A330B4420460821FFF73EFB0B4A0849B4
:102C10002069F8F7B9FC6A1E92B2002AA0D0206998
:102C20000749BDE8F840F8F7AFBC00BF488B030088
:102C3000C0860300448B03004C8B0300548B0300BD
:102C4000048703002DE9F04183680446D3F8545407
:102C5000B3F826C0188DC5F30008ACEB000615F0DC
:102C600001050F46B6B23BD1BCF5FF7F36D8002E2A
:102C700040F0D880034483F82A10A268D38C013333
:102C80009BB2D118D38481F82A60206983493A46DF
:102C9000F8F77AFCA268138D01331385A5682068C4
:102CA0002E8D002865D0F4F7B3FFA568EB8B304478
:102CB000B0FBF3F603FB1600002800F0AD8020689F
:102CC000EE8C00285DD0F4F7A3FFA568EB8B3044B1
:102CD000B0FBF3F603FB1600002863D0BDE8F081DB
:102CE000BCF5FF7F55D9002EF8D0034483F82A1095
:102CF0002068A768002853D0F4F78AFF5FFA80FCA9
:102D000060463A8DFB8BF98C87F820C0024408445A
:102D1000B2FBF3FC03FB1C22B0FBF3F11FFA8CFCAB
:102D200003FB1103013289B201330CF10100BA82B5
:102D30008C4501F101023883FB827A8300F08D809B
:102D40002069574A5749F8F71FFCA168554A0B8D6F
:102D50002A330B4420460821FFF796FA2069524A8D
:102D60005049F8F711FC514920690122F8F70CFC91
:102D700090E7EB8BB6FBF3F003FB1066002E4BD015
:102D8000EE8CB6FBF3F203FB1262002AA6D11146C9
:102D900011E0034483F82A10002E3FF46EAFA7E73A
:102DA0008446AEE72068002874D0F4F731FFEB8B3F
:102DB000EE8CC1B20A46288D85F8201010443244AA
:102DC000B0FBF3F14E1C03FB1100B6B2B2FBF3F102
:102DD00003FB112389B28A1B01300131013392B206
:102DE0002E83A8826983EB82002A4ED13049206964
:102DF000F8F7CAFB6A8B2B8BD21A92B2002A3FD10A
:102E0000AA8A013A92B2002A3FF468AF20692749A2
:102E1000BDE8F041F8F7B8BB20692549BDE8F041AD
:102E2000F8F7B2BB00F12A012B301944184432469E
:102E3000F6F7CAFEA3681A8D134483F82A70A268B5
:102E4000D38C01339BB2D118D38481F82A802068B7
:102E5000A76800287FF450AFA2E7A168114A0B8D44
:102E60002A330B4420460821751BFFF70DFAAAB23E
:102E7000002A3FF40FAF0F492069F8F785FB09E7F7
:102E80000D492069F8F780FBBAE70C492069F8F78B
:102E90007BFBABE7EE8C024601468CE71487030010
:102EA000488B0300C08603004C8B0300B8860300E8
:102EB0008C820300048703000C870300FC86030058
:102EC0004AB32DE9F043054683B00E461446002769
:102ED0008846686803682246D3F80C90414601ABE7
:102EE000C847019B2BB1E41A1F4411D006EB070819
:102EF000EFE7AB681A78032AEBD0D3F85424920694
:102F0000FBD5B3F854246FF34512A3F85424E0E73B
:102F100003B0BDE8F08370470CB470B584B008AB63
:102F2000826853F8046B0193D2F854345B0704466B
:102F300004D592F822308B420D4609D120693146E2
:102F400001AAF8F7D7FB04B0BDE8704002B07047A3
:102F500002F1220168460222F5F73AFDA368002D2E
:102F600066D093F82220AA4212D0354A0292332228
:102F700005F12F018DF80C206D228DF80D10ADF8A4
:102F80000E2083F8225020692E4902AAF8F7FCFA95
:102F900001AA20693146F8F7ADFB9DF80030A26820
:102FA000002B39D092F82210994212D02449029174
:102FB00003F12F006D2133258DF80D00ADF80E10B3
:102FC0008DF80C5082F8223020691E4902AAF8F7C9
:102FD000DBFA9DF80130002BB5D0A26892F82310DF
:102FE0009942B0D045F61B3103F12F00ADF808101F
:102FF00034256D218DF80B00ADF80C108DF80A50BA
:1030000082F8233020690F4902AAF8F7BDFA04B00C
:10301000BDE8704002B0704782F8223020690A4A49
:103020000849F8F7B1FA9DF80130002B8BD0D4E7AE
:1030300083F822502069044A0249F8F7A5FAA7E765
:103040001B5B313BC0860300508B03002DE9F04F22
:103050002DED028B83468068A9B0102100F2544008
:10306000F8F77AF9DBF808301B78022B10D0DBF880
:103070001000F8F77DFADBF808006FF0100100F29D
:103080005440F8F777F929B0BDEC028BBDE8F08F1A
:1030900000239A460E93DBF80400036801221C69A2
:1030A0000DF137010EABA0470E9B002BDFD09DF931
:1030B0003730002BEFDBF9F7F1F8DBF808305C78FC
:1030C000012C05D0022C65D04CB183F801A0E2E7B9
:1030D0009DF837205B2AF8D102225A70DBE79DF871
:1030E00037100D2908D00A2906D0B3F8542464F308
:1030F0008D12A3F854240CE0D3F8542412F47F5F0B
:1031000000F09280D3F85424C2F38712914200F069
:103110008B801B2900F2CE801B2900F27A8201A34A
:1031200053F821F0973003001336030013360300E1
:10313000133603001336030013360300133603005F
:103140001336030031350300253403001336030022
:10315000133603001336030013360300133603003F
:10316000133603001336030013360300133603002F
:10317000133603001336030013360300133603001F
:10318000133603001336030013360300133603000F
:103190001B34030083F801A0DBF80840D4F8543452
:1031A0001A077FF564AF9DF83730313B1B2B3FF694
:1031B00072AF01A252F823F07B3203008732030082
:1031C00081370300A93203009730030097300300D2
:1031D00097300300973003009730030097300300C7
:1031E00097300300973003009730030097300300B7
:1031F00097300300973003009B370300A537030087
:10320000AF3703005138030097300300AD3203009D
:10321000973003007F32030097300300973003009C
:10322000973003008F320300B3F8542461F38D12FA
:10323000A3F85424DBF80800C68C002E45D1C0F852
:103240005064DBF81000B749F8F79EF9DBF8083056
:10325000B54A02211970DBF80810002381F82A30E2
:10326000DBF808100B85DBF80810CB84DBF80030A6
:1032700003215846FFF750FEF9E6032363705846D2
:10328000FFF746FA07E703236370DBF80840D4F83A
:103290005434B4F8542403F0010383F0010363F3BE
:1032A0000002A4F85424F6E6032363705846FFF79F
:1032B000CBF9F0E67F2940F0AC81DBF80830D3F899
:1032C00054341D077FF5E7AE63E290F82A20002A08
:1032D0003DD0964D00244FF6FF7705E0BC4200F04C
:1032E000BF8491F82A201C46AA5C631C9BB212077B
:1032F00000EB0301F2D4002C40F0CE83821906F1DA
:10330000290392F82920AA5C110700EB030C1ED5B3
:103310000CF10104A7B2624694B212F8013DEB5CD5
:10332000391B13F0080389B2F6D194450FD0711AF6
:103330000144E41B81F82A30DBF80830DA8C1444AD
:10334000DC84DBF80830DA8C1A85DBF808002A30D8
:10335000F4F75EFCDBF80830002584B28046C3F841
:103360005054002C00F07B81DBF80830D3F848047F
:103370001AAE48B12B4631460A22F8F719FFBDF8BC
:1033800070309C4200F083841FFA88F808F10B0823
:1033900008270EE0F8F70CFFDBF808201A94D2F8A3
:1033A0004C0423460A223146F8F7CEFE013F00F0D6
:1033B00057814146DBF81400F8F75EFE31460A22D9
:1033C00004460346002840F03683DBF80800D0F8B6
:1033D0004C542846002DE9D0F8F7EAFEDBF8083017
:1033E0001B9AC3F84C2421460A223046F3F79EFF6D
:1033F00023460A2231462846F8F7A6FE2846F8F763
:1034000085FEDBF80850D5F84C0423460A223146E5
:103410000028BFD1C5F84804C8E7DBF8083001220E
:103420005A7038E6DBF80800D0F854341B077FF5F3
:1034300032AEC38CC3F5FF7301339BB20493002BF0
:103440003FF429AE028D394C0B9400F12A0100F2B1
:103450002A20F5F7BDFADBF808301A8D13441AA9B3
:1034600083F82AA2DBF808301A8D1A440FA892F8C4
:103470002920A45CC3F850A4DBF8082004F008035A
:10348000099302F22A22C4F3C0030793FEF7E6FC75
:103490001A98002800F01984F4F7BAFB1FFA80F993
:1034A0000027CDE910770F9BCDF828B005973D4652
:1034B00006970897BB46002B00F01982079A013A3D
:1034C00013449D4280F0138212AB0093002210AB94
:1034D00029463846FEF784FC28AB03EB85064FF0FF
:1034E0000108039616E01968039B53F8380CF6F7A9
:1034F0006DF88446424610AB29463846BCF1000FB1
:1035000000F0DD8312AE0096FEF76AFC002C00F09E
:10351000EA83A046109B08F10104002BE3D1DDF8FB
:1035200028B0B8E58C820300C086030054800300F5
:10353000DBF80830D3F8542416077FF5ACADD98CEE
:1035400000293FF4A8AD188D00283FF4A4AD091A56
:103550008DB200F12A0129306A1C19441844F6F78B
:1035600033FBDBF80820138D013B1385DBF80820C3
:10357000D38C013BD384002D00F0AA83DBF810002C
:10358000A8490822F8F700F8DBF80000DBF808602B
:10359000002800F0B583F4F73BFBC4B22146328D1E
:1035A000F38BF08C86F820400A444418B2FBF3F009
:1035B00003FB1022B4FBF3F180B203FB1143013291
:1035C00089B20133441CB282884201F10102348382
:1035D000F382728300F09683DBF81000924A9349DD
:1035E000F7F7D2FFDBF81000914A9049F7F7CCFFCC
:1035F000DBF808108D4A0B8D2A330B4458460821FE
:10360000FEF742FE8B4A8949DBF81000F7F7BCFF52
:1036100041E5894B5B5C13F0970F3FF43CADDBF861
:103620000830D3F854241407C2F3C00000F1038318
:10363000DA8CB2F5FF7F3FF62EAD1A8D9C18013261
:103640001A8584F82A10DBF808301A8D134483F8A1
:103650002A00DBF80820D38C0133D3841BE51AAE93
:103660005846FEF7F1FFDBF80820DBF80000148D68
:1036700020B1F4F7CDFADBF808200444D18BB4FB79
:10368000F1F301FB1344002C40F019812A3231463A
:1036900011A8FEF7E3FB119B002B00F0C681002868
:1036A00040F09B82654D664B5B1BDB0800F016818A
:1036B00005EBC3046B681A981968F5F787FF0028B3
:1036C00040F00581DBF8080000211022043012913F
:1036D000F3F72CFE6B68DA6832B10FCBDBF80840E9
:1036E000043484E80F006B68D3F808A0DFF8588131
:1036F000DFF85891002308EE106A3546039301273E
:10370000002421E06868F5F761FF4946002800F0D1
:1037100054816868F5F75AFF0646224612AB3946CF
:103720005046002E00F0498116AE0096FEF758FB79
:10373000621C0DD0129B5BB119686868F5F746FFF3
:103740000134002800F06782119BBB424146D9D862
:1037500018EE106ADBF808301B69002B00F07A8243
:103760000398119906EB8002091A58469847DBF82E
:103770000830B3F854246FF34102A3F8542465E5EC
:1037800003236370DBF80830D3F854341B077FF54C
:1037900082AC5846FFF7DCF97DE401215846FFF77B
:1037A00013F878E400215846FFF70EF873E4DBF8CD
:1037B0000000002800F00C81F4F72AFAC5B2284670
:1037C000228DE38CE18B84F8205002440344B2FB49
:1037D000F1F5B3FBF1F001FB152201FB103392B2BE
:1037E0009BB2AEB25F1C551C80B2ADB206F1010CAB
:1037F000E7829A4200F10107A582A4F818C0678306
:1038000000F05D81A9424FF0010200F0EE810D4908
:10381000DBF81000F7F7B8FEDBF80820138D013352
:10382000138538E414870300488B0300C086030027
:10383000448B03004C8B0300548003003C8F030037
:103840008C8F0300B8860300488703004C87030071
:10385000DBF80000002800F0BD80F4F7D9F9C5B20C
:10386000294608460135238DE68BE28C84F820102A
:1038700003441044B3FBF6F106FB1132013292B25D
:10388000B0FBF6F7013106FB170389B201330137AC
:10389000AA42A2822183E382678300F01581012A74
:1038A00000F0AE818B490122DBF81000F7F76CFEC7
:1038B000DBF80820138D013B1385FFF7ECBB86492D
:1038C000DBF81000F7F760FEDBF80820DEE6A54223
:1038D0003FF4F8AE0835A5427FF4ECAE7F4B009381
:1038E0007F4A1A9B02215846FFF716FBAEE4099B5C
:1038F000002B40F0978028AB03EB850353F8380C7E
:10390000002800F08F80F4F783F91FFA80F928ABC4
:1039100003EB8508CDF80C80DDF81880002412AB8D
:103920000093224610AB29463846FEF759FA109B01
:10393000661C002B00F0D6801968039B4A4653F89A
:10394000380C03F089FBC8B9119B08F10108BBB121
:10395000109B186838B1F4F75BF9059B80B283427D
:1039600038BF03460593049B002B36D1DDF840C0D9
:10397000CDF844C0002E00F06381A3463446CEE764
:10398000DDF840C0DCF80030ABB11846F4F740F980
:10399000DDF840C083B205931846049BA0EB0900F4
:1039A000834206DD059B0894A3EB09039BB20493B5
:1039B000DEE70894DCE70590EFE7DBF80820B2F8D3
:1039C000543443F0020318EE106AA2F85434C1E6EE
:1039D0000546F5E60146012545E716AB5A46009334
:1039E000384611AB2946FEF7FBF9DDE910C3D3F8E1
:1039F00000B0DCF80000002306E01BF80110914243
:103A00000AD1B3F5803FB3D009EB03011FFA83FE5F
:103A1000425C0133002AF0D1049B734528BF7346F2
:103A20000493A5E74FF0000971E72B49DBF810007C
:103A3000F7F7AAFD0AE4DBF80830D3F848040028B9
:103A400000F0158100230A22F8F7B2FBDBF80830FA
:103A50001B94D3F848040A2200233146F8F774FB7C
:103A6000DBF8083000221B92D3F848241A92DA8C33
:103A7000ADF87020C3F848443146204600230A229E
:103A8000F8F762FBDBF80810CA8C204601322A31B5
:103A90000A23F8F759FBE3E52A30721C121B0119BF
:103AA000F6F792F8DBF80820D38C1C1BD484DBF8E3
:103AB0000830DA8C1A85DBF80800C68C1EE48642D2
:103AC0007FF4A0AEFFF7E7BA01297FF4E8AEFFF775
:103AD000E2BA00BF048703008C8203002087030042
:103AE00018870300CDF818804FB1109B3BB10F9B96
:103AF000079A0135ADB29A189542FFF4DCAC069BEB
:103B00005A46DDF828B0002B3FF4C5AA012B00F07F
:103B10003781DBF80830DFF81C83A3F824A0089C69
:103B2000AB00079312AB0093224610AB29463846F0
:103B3000FEF756F9109B079A196828AB13444A46BA
:103B400053F8380C03F088FA621C0346039240468F
:103B5000002B40D1109B069A1B68013A0692002B5D
:103B600000F00A810893F4F753F8059BDBF808206E
:103B70001E184046D48BF4F74BF8089B01461846B4
:103B8000CDE90813F4F744F8DBF808E00899BEF82B
:103B900024C09C4A099BB6B2611AB1FBF6F189B206
:103BA000341ABCFBF1F001FB10C18EB20CF1010C18
:103BB00007215846A4B2AEF824C0002E40F09C80E5
:103BC00000934346FFF7A8F9002C40F0B380069B12
:103BD000002B00F0B680039CA4E703468A4A02212A
:103BE0005846FFF799F9FFF731BB8849DBF8100019
:103BF000F7F7CAFCE28B002A3FF40EAE844907E6D1
:103C00008449DBF81000F7F7BFFCE28B002A3FF491
:103C10004FAE814948E6129EF3683BB196E80F002B
:103C2000DBF808400397043484E80F00D6F808A0B6
:103C30000137043564E55846FFF704F8FFF72BBA5F
:103C4000764A0A98CDF818800421FFF765F94FF0FD
:103C5000FF3B49E7724A02215846FFF75DF986E5C6
:103C6000002380F82A30DBF80800FFF770BBC3F8A8
:103C70004844DBF8081000230022C1F84C44CDE989
:103C80001A23DBF80830DB8CADF87030F4E6DBF893
:103C90000830621CD3F8480403F22A210A23F8F7FB
:103CA00087FADBF8080000F22A212A30F5F78EFCAB
:103CB000DBF80830A0B183F82A52FFF765BB109BF0
:103CC0009F68002F7FF413AF19E78146FFF7E8BB29
:103CD000544A5549DBF81000F7F756FCFFF7DBB9FB
:103CE00083F82A02BCE4DDF828B04C4A0421584687
:103CF000FFF712F9FFF7CFB94B4AFFF70DF963E76A
:103D000001464CE4DBF80810474A0B8D2A330B447C
:103D100058460821FEF7B8FADBF81000434A42493A
:103D2000F7F732FC3A49DBF810002A46F7F72CFC8B
:103D3000FFF7B1B93849DBF810002246F7F724FC49
:103D400045E7DBF800303A4A58460321FFF7E4F82C
:103D5000DBF80830344A2A3308215846FEF794FA33
:103D60005846FEF705FE119B049A196858464944C7
:103D7000FEF786FEFFF78FB9DBF80820938426E76D
:103D80003B7883BB119B186808B1F3F741FF81456D
:103D900006D0119B049A196858464944FEF770FEF4
:103DA000DBF808400B99238DE21892F82A208A5CF0
:103DB00012F0080240D1D4F85434DF071BD5B4F810
:103DC000543462F30003A4F8543420215846FEF71B
:103DD00039FFDBF80820B2F8543443F00103A2F8AD
:103DE0005434FFF758B912AB00932946384611AB4B
:103DF000FDF7F6FFC6E720215846FEF723FFFFF741
:103E00004AB900BFA487030034870300FC8603007F
:103E1000048703000C870300B8860300748703003F
:103E2000548703006C8B0300C0860300448B03009F
:103E3000AC870300A0870300E18C99427FF62BA991
:103E4000DBF8000018B1F3F7E3FE238DE18CE28B81
:103E500084F8200053FA80F351FA80F0B3FBF2F5B6
:103E6000B0FBF2F102FB153302FB1102ADB20133DC
:103E70000132681C0131A3822083E2826183DBF876
:103E80000820138D01331385DBF80000DBF80840B0
:103E900008B1F3F7BDFEE18C228DE38B84F820009E
:103EA00052FA80F251FA80F0B2FBF3F1B0FBF3F674
:103EB00003FB112203FB160389B2013201330136E1
:103EC000481CA942A2822083E382668306D0074968
:103ED000DBF81000F7F758FBFFF7DDB80449DBF813
:103EE00010000122F7F750FBFFF7D5B88C820300D2
:103EF000B886030001290AD0022904D18368D3F8C7
:103F000054349B0703D4034A0221FFF705B8FEF798
:103F1000C3BA00BF5487030010B5012982B004461C
:103F20000BD002290B4616D08268D2F854148907A8
:103F300003D4022B07D802B010BD204602B0BDE862
:103F40001040FEF7A9BA5368084A022102B0BDE842
:103F50001040FEF7E1BF53680193054C1368054A12
:103F60000094FEF7D9FF02B010BD00BFD487030054
:103F7000BC870300B08703008368D3F854249207FA
:103F800008D4012908D1B3F8542442F00402A3F85C
:103F900054247047FEF780BA5B68024A0221FEF79C
:103FA000BBBF00BFD487030010B48368D3F8542488
:103FB000C2F3400492070AD401290CD1B3F8542467
:103FC00064F3C302A3F854245DF8044B70475DF812
:103FD000044BFEF761BA5B68024A5DF8044B0221AC
:103FE000FEF79ABFD48703008368D3F8542492075E
:103FF00008D4012908D1B3F8542442F00802A3F8E8
:1040000054247047FEF748BA5B68024A0221FEF763
:1040100083BF00BFD4870300F0B58368D3F854246E
:10402000C2F34004920787B02BD401292DD1D3F8D5
:104030004C540DB3184F0646284600230A2203A904
:10404000F8F7B6F8BDF81420B1682846013201F23D
:104050002A210A23F8F7ACF8B368049D03F22A2258
:10406000009223463A46002130460134FEF796F985
:104070000DB1082CE0D1B368002283F82A2207B0E2
:10408000F0BDFEF709FA07B0F0BD5B68034A0221F4
:10409000FEF742FF07B0F0BDF0870300D4870300AE
:1040A00010B48368D3F85424C2F3400492070AD4AE
:1040B00001290CD1B3F8542464F38202A3F85424E8
:1040C0005DF8044B70475DF8044BFEF7E5B95B689B
:1040D000024A5DF8044B0221FEF71EBFD48703009D
:1040E00070B58568D5F85424930784B0C2F34006B0
:1040F0001DD4012920D1C3685B681D680446284689
:1041000001F098FEA368A968D3F844340291C0B2C4
:10411000642202FB00F2B2FBF1F2D2B2CDE9002040
:104120003146094A2046FEF739F904B070BD04B0A3
:10413000BDE87040FEF7B0B96B68044A022104B0D4
:10414000BDE87040FEF7E8BEFC870300D48703009B
:104150008368D3F8542492070FD401290FD110B5E6
:104160000446094A09490069F7F70EFAA368502284
:10417000DA83A36818229A8310BDFEF78DB95B68B5
:10418000034A0221FEF7C8BE648B0300C086030009
:10419000D487030030B48468D4F854249307C2F35E
:1041A000400509D401290AD1C4F84454C3685B68A6
:1041B00030BC186801F042BE30BCFEF76DB96368D0
:1041C000024A30BC0221FEF7A7BE00BFD48703001D
:1041D00070B58568D5F85444A30782B0C4F340068F
:1041E00011D4022914D81BD0D5F85414114C124BF9
:1041F000124A11F0080F18BF2346314602B0BDE83D
:104200007040FEF7CBB802B0BDE87040FEF744B98D
:104210006B680B4A022102B0BDE87040FEF77CBE1D
:1042200053680193074C1368074A0094FEF774FE25
:1042300002B070BD34880300388803003C88030056
:10424000D4870300BC870300B0870300F0B50129C1
:1042500083B0044611D08368D3F85444A40743D4F0
:10426000022946D853682A49019313680091294AC4
:104270000221FEF751FE03B0F0BD8568FDF708FD91
:1042800020BBA368244920699F8A1E8BFA22F7F776
:104290007BF920692149FA22F7F776F92046FDF7E4
:1042A000F7FC98B9A3689A8AEA83A368D21B1B8B90
:1042B000AB8392B22ABB9A1B92B2002ADBD0206950
:1042C000174903B0BDE8F040F7F75EB9A368154A97
:1042D0005021D983A368182199832046042103B073
:1042E000BDE8F040FEF718BE03B0BDE8F040FEF7B1
:1042F000D3B85B680C4A022103B0BDE8F040FEF77A
:104300000BBE0A492069F7F73FF9AB8BD3E700BF33
:10431000BC870300B0870300B8860300FC86030057
:104320000C87030050880300D48703000487030030
:1043300070B5012982B0044610D08568D5F8546460
:10434000B3070BD402290FD1536801930A4C1368A9
:104350000A4A0094FEF7E0FD02B070BD204602B0AC
:10436000BDE87040FEF798B86B68054A022102B0BC
:10437000BDE87040FEF7D0BDBC870300B0870300E6
:10438000D48703002DE9F04F054687B0AB480C46B3
:104390001746F3F73DFC0646A948F3F739FCAB682E
:1043A000A8495B68A84A0091361A08212846FDF7FB
:1043B0006BFFAB685868B6B2002800F02781F3F7AE
:1043C00027FC1FFA80F89F48F3F722FCAB68996836
:1043D000404482B211B12846FDF750FE9B4A0021AD
:1043E0002846FDF7DBFF97B3002C00F0118107EBA7
:1043F000470704EB8707A1461FE0F3F709FCD9F84C
:10440000003080461BB11846F3F702FC8044464555
:104410000ED2D9F80400002800F08E80F3F7F8FBE4
:1044200086B2D9F8000018B1F3F7F2FB304486B237
:1044300009F10C094F4500F08180D9F804000028EB
:10444000DBD1D9F80030002BF2D08046DBE77C4886
:10445000F3F7DEFB02300644784B7D4A0093B6B298
:104460003346082128460336FDF70EFF7949B2B2DC
:104470002846FDF703FEAB68DF68002F52D000240A
:10448000264620463A780134230102A9103B8AB11E
:104490007B689847029898B10DF10808F3F7B8FBCC
:1044A0008642EED2D8F8000000283ED0F3F7B0FBE9
:1044B00086B2E6E77A68D05802EB03080028EDD10F
:1044C000012C2FD0644ADFF888A10021284606F18C
:1044D0000209FDF763FF1FFA89F94FF0000814E0A5
:1044E0007B689847029BEBB102AC082100935246CF
:1044F00028464B46FDF7C8FE6168721D92B22846F9
:10450000A9B1FDF7BBFD08F101083B784FEA08129D
:1045100002A94046002BE3D17C68A35804EB0814A1
:10452000002BE2D107B0BDE8F08F0646A9E74B4962
:104530002869F7F729F8E6E7064672E74048DFF80A
:1045400010A1DFF8FC90F3F763FB02300644B6B22B
:104550003A4B009306F10308334652460821284699
:104560001FFA88F8FDF790FE3A4942462846FDF7C3
:1045700085FD2CE0CDE900922846394A0821FDF757
:1045800083FE606800283AD0F3F742FB301A1FFA26
:1045900080FB206828B1F3F73BFBABEB00001FFA70
:1045A00080FB4846F3F734FBABEB000082B242BB22
:1045B0002C4928693A22F6F7E7FFA168B1B14246D3
:1045C0002846FDF75BFD0C34A7423FF454AF636807
:1045D0008BB12268002ACDD1009308213346524680
:1045E0002846FDF751FEA1680029E8D11B4928693A
:1045F000F6F7CAFFE7E72368002BEDD1DDE7B34606
:10460000C7E719492869F6F7BFFFD1E78046DAE620
:104610000B48F3F7FDFA02300644B6B2074B00939D
:1046200028460B4A33460821FDF72EFEF21C0949A5
:1046300092B22846FDF722FD1DE700BF888B0300DC
:10464000EC8C0300788B030090880300C486030081
:10465000D0860300D8860300EC8603008C8203001A
:104660008C88030014870300B88603001A608068F2
:104670001A46F7F7A5BE00BF08B5064B06481A6AEA
:1046800000210123520901F0D7FDBDE8084003488D
:1046900000F0B2BF84A90220688D0300308D0300B2
:1046A00031B910B503480C4601F09CF9204610BD05
:1046B00006207047308D030008B5024801F052F91A
:1046C000002008BD308D030070B51D4B0D781E68AD
:1046D00082B00C46C5B1012D14D18968F068F7F796
:1046E000B5FEFF246A46F06800942B4601A9F7F74F
:1046F0002BFE009AF2B9134B1A6073680120D3E9BC
:104700000021904702B070BD0B89B06849680093E2
:104710006A46F7F7D3FDD4E901120B4801F0BCF962
:10472000A368002BEED073682846D3E90021904798
:1047300002B070BD0199044801F0AAF9DDE700BF9D
:10474000B0A90220ACA90220308D0300F0B51A6098
:1047500083B005461A46C068F7F7B0FD044610B1AD
:10476000204603B0F0BD134F3846F6F71FFE06464D
:104770000028F5D1FF24E8680194012301AA6946C5
:10478000F7F7E2FD18B13446204603B0F0BDDDE98D
:104790000012094801F07CF96B681B7A0646002B71
:1047A000F1D00028EFD1E8680199F7F74FFE3446C1
:1047B0003E60E9E7ACA90220308D0300F0B5054664
:1047C000184F4068184E00243C60026068683560ED
:1047D00043606B68154A1C72D1E9006389B0CDE96A
:1047E00001640E89C9680594009306912346ADF8CB
:1047F00014600F48079464270626694603940497BB
:104800008DF81D6000F090FF044610B1204609B0FD
:10481000F0BDA868F7F744FDE868F7F741FD2046CA
:1048200009B0F0BDACA90220B0A90220C94603001E
:10483000308D0300704700BF2DE9F041784B1C68B4
:10484000E368D3F824218CB0CAB10022C3F8242134
:10485000D3F824310B92CDE9092203218DF82410DD
:10486000E2680193019BD2F88034C2F880348DF85D
:104870002830236809A95A6A586B9047E368D3F82F
:104880004C2192B10022C3F84C21D3F84C110B9269
:10489000CDE9092201208DF82400236802915A6A8B
:1048A000586B029B09A99047E368D3F81021002AAE
:1048B0003ED00022C3F81021D3F810316268039370
:1048C00023680399D2F840759E6AD2F844859F62A6
:1048D0002268DB6AC2F82C80BE1B62D023680021EC
:1048E0001A6B8DF818109869B24228BF3246CDE98C
:1048F0000702D86998612368D9612368186AB51AD4
:1049000058B1D861236819622268E368116BD269D3
:10491000C3F83425C3F8381523685A6A586B06A9BA
:104920009047002D42D123681B6B9E423CD0E36828
:10493000D3F85821AAB10022C3F858210220D3F895
:1049400058118DF8240023680491D9680A911969D7
:104950000B91DA602368049A586B5A6A09A9904748
:10496000E368D3F82021CAB10020C3F82001D3F8AE
:10497000203106932268E168069B5369D1F84C15F3
:104980000B4453612368D3E90421914221D0521A88
:10499000B2F5803F2AD2187A13283ED90CB0BDE870
:1049A000F08198459AD1C2E74745C0D10026CDE9AC
:1049B000096504230B968DF82430236809A95A6AE7
:1049C000586B90472368DA699A612368DE61E3686F
:1049D000AEE7E368C3F85801D3F858210592E368BD
:1049E00005990122DA600CB0BDE8F081E5681A8F04
:1049F000D5F85061DB68C5F85001D5F85001099031
:104A00002568E0682C8F099D11441944C0F84415AD
:104A1000C0F848450CB0BDE8F08101F0C7FABDE729
:104A2000B4A902202DE9F04F0668044696F83C0030
:104A300087B0002840F04F810D46E168726222681D
:104A4000B14F90612268B14ED06122681062226835
:104A5000D060226853632368FF2283F83A20E3681A
:104A60002A68DB1B18BF01231F2A84BF02F01F0224
:104A7000A74846F8234098BF4FF0A0400123934039
:104A8000C0F808352B681F2B86BF03F01F03A04A10
:104A90004FF0A04203F5E073032042F8230095F89D
:104AA00029206B68002A14BF0C2000201F2B86BF12
:104AB00003F01F03964A4FF0A04203F5E07342F85B
:104AC0002300E3686A6AC3F8242595F8213095F835
:104AD0002000E2680343C2F86C35E368D5E90002C0
:104AE000C3F80C05C3F8142595F82030012B00F00D
:104AF000748141F30736022E4FEA113700F0F5803A
:104B0000E368844AC3F80423002E95F82830C0F2E5
:104B100098807209920006F1604602F1604207F047
:104B20001F0706F5614602F561425B010121DBB218
:104B3000B94086F80033C2F880111160E368764A04
:104B400004920822C3F8002504A90023734A0593A0
:104B5000201D01F017FC002840F0B88022681423C3
:104B6000137022685370226893702268D370226891
:104B7000137122685371226893712268D37122687D
:104B80001372226806235372226893722668E768BC
:104B9000D4F80480301D01F055F9002871D1307926
:104BA00008F1080207F5847101F0AEF9002868D118
:104BB0002668E768D4F80480701D01F043F90028E6
:104BC0005FD170793A4607F5887101F09DF90028A8
:104BD00057D1707908F1400101F0BCF90646002870
:104BE0004FD16B691BB1EF69002F40F0F880AF69BE
:104BF000EFB1D4F800A0E168B84600270AF101003F
:104C000001F5A679BB4601F01DF9002839D19AF8C3
:104C100001004246494601F077F990BBBBF1000F15
:104C200005D09AF80100594601F094F948BB2D6966
:104C30007DB923680122304683F83C2007B0BDE8E7
:104C4000F08F374A07F00F015B010A44DBB213769D
:104C500074E7D4F80080D4F80C90404601F0F2F8E4
:104C600078B998F800004A46294601F04DF940B954
:104C7000002FDED098F80000394601F06BF90028CB
:104C8000D7D025682878132840F29E8068781328AA
:104C900040F29180A878132840F28480E8781328A5
:104CA00077D9287913286BD9687913285FD9A8791F
:104CB000132853D9E879132847D9287A132833D9E8
:104CC000687A05283BD9A87A052809D903263046F1
:104CD00007B0BDE8F08F0826304607B0BDE8F08F7A
:104CE00001F0B6F90623AB72F0E70E49E068F8F779
:104CF0009BFB002840F01E81E368064AC3F80423AA
:104D000095F8283005E700BF00200040B4A9022034
:104D1000000300501003480000010306354803005B
:104D2000FCEC00E03948030001F040F9287A01F07A
:104D3000C5F814232B722568687A0528C3D801F0BA
:104D400087F906236B722568BDE701F02FF9E87932
:104D500001F0B4F81423EB712568AEE701F026F9F1
:104D6000A87901F0ABF81423AB712568A2E701F034
:104D70001DF9687901F0A2F814236B71256896E794
:104D800001F014F9287901F099F814232B712568A2
:104D90008AE701F00BF9E87801F090F81423EB7042
:104DA00025687EE701F002F9A87801F087F814235E
:104DB000AB70256872E701F0F9F8687801F07EF8C9
:104DC00014236B70256865E701F0F0F8287801F08E
:104DD00075F814232B70256858E7072677E7D4F871
:104DE0000080D4F80C90D4F804A008F1060001F07B
:104DF00029F800287FF445AF98F806000AF1400230
:104E000009F5887101F080F800287FF43AAF98F82E
:104E10000600394601F09EF800287FF432AF27687B
:104E200007F1090097F8058001F0D8F800287FF411
:104E300028AF4FF0010A797A0AFA08F001F04CF92C
:104E400000287FF41EAF787A01F02EF900287FF455
:104E500018AFD4F8008097F8099098F806B008F1D8
:104E60000A0001F0BBF84FEAC90909F1804707F5CC
:104E7000F83700287FF405AF98F80A100AFA0BF00B
:104E800001F02AF900287FF4FCAED4F800B069697B
:104E9000E368626898F80AA003910BF1020001939D
:104EA000029200F0CFFFDFF890804FEACA0AD044A8
:104EB00000287FF4E6AE019B03999BF802000433BF
:104EC0001A4601F021F800287FF4DBAE029A9BF825
:104ED00002004432114601F03DF800287FF4D1AEC3
:104EE000D4F800B0696901910BF1030000F0AAFF4A
:104EF00000287FF4C6AE104A9BF8030001994A448B
:104F000001F002F800287FF4BCAE0AF180419BF862
:104F1000030001F5F83101F01DF800287FF4B1AE6F
:104F2000D4F800A0E168D5F818B00AF1010001F545
:104F3000A67968E61126CAE604F00140026892F8F4
:104F40003C30002B00F00B8130B5C368002143F3E7
:104F500007358D428BB004464FEA133382F83C107C
:104F60000DDB6A09B5480121203203F01F0301FA65
:104F700003F340F82230BFF34F8FBFF36F8F2368E6
:104F80001878132840F2E3805878132840F2D7802D
:104F90009878132840F2CB80D878132840F2BF804D
:104FA0001879132840F2B3805879132840F2A7806B
:104FB0009879132840F29B80D879132840F2938087
:104FC000187A132840F23681E3684FF0FF32C3F8B5
:104FD0000823E3680022C3F85821D3F85811E36886
:104FE00003910399C3F84421D3F84431E268029352
:104FF00001230299D360E26853602168CB688A6913
:10500000002B00F00A81002A00F01A81E268D2F831
:105010005831002BFBD0D2F84431002BF7D00023BD
:10502000CB6022689361E268C2F80035E268C2F89A
:105030005031D2F85011E26809910999C2F85831FB
:10504000D2F85811E26808910899C2F82031D2F8D4
:105050002011E26807910799C2F81031D2F81011B7
:10506000E26806910699C2F84C31D2F84C11E26818
:1050700005910599C2F84431D2F844310493022DC8
:10508000049B00F0D380201D019001F03FFA0198AD
:1050900001F0F6F925682878132840F2B580687881
:1050A000132840F2A880A878132840F29B80E87863
:1050B000132840F28E802879132840F28180687985
:1050C000132874D9A879132868D9E87913285CD9EA
:1050D000287A132850D9687A052847D9A87A05284C
:1050E0003ED90BB030BD00F061FF236868E700F0E7
:1050F0005DFF2368D87913283FF662AFF3E700F02D
:1051000055FF2368987913283FF656AFEFE700F074
:105110004DFF2368587913283FF64AAFEFE700F0B8
:1051200045FF2368187913283FF63EAFEFE700F0FC
:105130003DFF2368D87813283FF632AFEFE700F041
:1051400035FF2368987813283FF626AFEFE700F085
:105150002DFF2368587813283FF61AAFEFE7704702
:1051600000F076FF0623AB720BB030BD00F070FF8D
:1051700006236B722568B1E700F018FF287A00F06B
:105180009DFE14232B722568A5E700F00FFFE87938
:1051900000F094FE1423EB71256899E700F006FFF8
:1051A000A87900F08BFE1423AB7125688DE700F021
:1051B000FDFE687900F082FE14236B71256881E79B
:1051C00000F0F4FE287900F079FE14232B71256895
:1051D00075E700F0EBFEE87800F070FE1423EB704A
:1051E000256868E700F0E2FEA87800F067FE142367
:1051F000AB7025685BE700F0D9FE687800F05EFED2
:1052000014236B7025684EE700F0D0FE287800F07C
:1052100055FE14232B70256841E7002A3FF4FFAEAA
:10522000E268D2F84431002BFBD0F8E6E068F8F7EA
:1052300023F928E700F0BAFEC6E600BF00E100E06F
:10524000E268D2F85831002BFBD0E8E670B503686D
:105250000446D86882B0002857D1D96023681A6103
:105260002368B2F5803F58613CD32B4E256802F588
:105270007F43FE33A6FB0363DB0BB2FBF3F32B8709
:105280002368E6681B8FB2FBF3F503FB152213447A
:105290009DB2C6F84415C6F84855E368C3F85001F6
:1052A000D3F85021E3680092012200999A60E168E6
:1052B000D1F85031002BFBD00023C1F850312268C7
:1052C000D1F85031107A01931328019B20D9D3686B
:1052D000E168128F1D440020C1F84455C1F84825EB
:1052E00002B070BD23681887E368C3F84415C3F89B
:1052F0004825E368C3F85001D3F850210092E368D1
:10530000009901229A6002B070BD112002B070BDF8
:1053100000F034FE2268DAE701800080F0B506680C
:10532000B56985B0002D7DD104461F46326331B189
:1053300003689961C368C3F83415C3F83825201D84
:10534000019001F0D5F8019801F0EEF823680022F1
:105350009A622368DA62E368C3F81021D3F8101167
:10536000E36803910399C3F84C212268D3F84C31C8
:10537000107802931328029B4DD95078132843D9F3
:105380009078132839D9D07813282FD91079132879
:1053900025D9507913281BD99079132811D9D079A0
:1053A000132809D917B1002005B0F0BDE368012228
:1053B00038461A6005B0F0BD00F0E0FD002FF2D1D4
:1053C000F4E700F0DBFD2268D0791328EAD8F3E790
:1053D00000F0D4FD226890791328E0D8F1E700F0BE
:1053E000CDFD226850791328D6D8F1E700F0C6FD2C
:1053F000226810791328CCD8F1E700F0BFFD2268AD
:10540000D0781328C2D8F1E700F0B8FD2268907870
:105410001328B8D8F1E700F0B1FD226850781328BE
:10542000AED8F1E7112005B0F0BD00BF10B403689D
:10543000DC691CB119625DF8044B7047D961C3681F
:10544000C3F83415C3F838255DF8044B704700BF26
:1054500030B50B7885B00446042B73D8DFE803F031
:10546000193953610300C2694B68D2E904502B44D7
:105470001B1A13614A68029203210022E369019218
:1054800003928DF80410D3E9002001A9904705B0DC
:1054900030BDC2698B6850691B1A53D0106918441B
:1054A0001061E0694A6800258DF804504169039352
:1054B0000A4402924561E169606818312A4600F0A9
:1054C00037FC00284BD1E36901A9D3E900209047BC
:1054D000DDE7C36993F82630002BD8D10068F6F7D2
:1054E00003F80190002831D0606801A900F0ACFBFE
:1054F00060BBE269D3680133D360626AA069019935
:10550000FFF794FFC3E7C369D1E9010201218DF8D8
:10551000041002900392D3E9002001A9904705B03E
:1055200030BD0023CDE901330879E2698DF8080028
:1055300002218DF804100393D2E9003001A99847A5
:1055400005B030BD0020F4F7B7FCA0E7E36993F89D
:105550002520002AF6D0012283F8262097E7284646
:10556000F4F7AAFCAFE700BF70B58A69D3680C46B0
:1055700043F30731002984B00FDB1B0B49091D4899
:105580002031012203F01F0302FA03F340F8213017
:10559000BFF34F8FBFF36F8FA2695368E169D3F8F0
:1055A0004C050B69984212D9D1E90552C31A5E190C
:1055B0004E61E1690393086115440023E269029595
:1055C0008DF80430D2E9003001A99847A269D36868
:1055D00043F30732002A4FEA133308DB0548012161
:1055E000520903F01F0301FA03F340F8223004B01C
:1055F00070BD00BF00E100E070B58269D36843F37D
:105600000731002984B004460FDB1B0B49091D48F4
:105610002031012203F01F0302FA03F340F8213086
:10562000BFF34F8FBFF36F8FA2695368E169D3F85F
:105630004C050B69834212D2D1E90552C31AEE1808
:105640004E61E1690393086115440023E269029504
:105650008DF80430D2E9003001A99847A269D368D7
:1056600043F30732002A4FEA133308DB05480121D0
:10567000520903F01F0301FA03F340F8223004B08B
:1056800070BD00BF00E100E02DE9F0410446F4F7F1
:10569000E3FEE36993F827200AB9BDE8F081A26927
:1056A000196A53681E4A0126DE64A36905465F68CD
:1056B00088030023890C02F009FA2369D7F84C7596
:1056C00020FA06F10529186838BF05212246F4F7AB
:1056D00023FE63691A68BA424FF0000806D01F60C3
:1056E00063695D6063691E72BDE8F0815968284690
:1056F000F4F7AEFE61690B7A002BCED0094AE5695A
:10570000A0FB0267F20B286A42EA47429042C4D2E9
:1057100081F808802046BDE8F041FFF76DBF00BF6B
:1057200040420F0080841E002DE9F0430D46497F62
:1057300007298DB000F0A6800446006910B1052944
:1057400000F2A080E16991F82760002E40F0F0801F
:105750000A60E2691661E2699661E269D661E2690E
:105760005661E269D660E2695360E3692A691A62A8
:10577000E36983F826602B7DE269A3F10103B3FAA4
:1057800083F35B0982F82530A368002B59D0704A57
:10579000704F92E803006A7F0090ADF8041018463D
:1057A0006946BB5C226AADF800608DF8023000F0FB
:1057B000C3FC014600286CD12A69A0685209012364
:1057C00000F03AFD002864D1A3681E6806F10808BD
:1057D00006F1040906F5A0772369002B74D0D5E9FA
:1057E0000010D5E90223CDE901120090A0690393CE
:1057F000C368AA8AADF8202003F588730022697F68
:10580000AE698DF82810CDE9043200220023CDE9DD
:1058100006232D7F504A0996234669468DF8295064
:10582000FFF700F9064670BB2068F5F741FE064613
:1058300048BB606800F0E8FAE369012283F827209A
:1058400021E0E06850B36A7F42498DF80230895CFC
:105850008DF8031004236946404A0194ADF80030E6
:1058600000F090FD0146A0B901232A69E06800F02C
:105870005FFEE3681E6806F10C0806F1100906F5E4
:10588000A077A9E7072630460DB0BDE8F083F4F70E
:1058900013FB032630460DB0BDE8F08320690028D5
:1058A000F5D0E36993F82410002946D062690023FB
:1058B000137262691360626953601F469946984685
:1058C0001E462369002B8AD1E069083000F0BAFA3D
:1058D0000028DED1E069093000F0B4FA0028D8D100
:1058E000D4E90623D168187A324601F5847100F0B4
:1058F0000BFB0028CDD1B8F1000F06D0E36941467B
:10590000187A00F027FB0028C3D1E3694A46587A89
:10591000394600F0F9FA0028BBD1D4E906235168D2
:10592000587A4C3100F016FB00283FF458AFB0E72E
:10593000082630460DB0BDE8F083094AF4F7D6FCDE
:10594000064600289FD1E369012283F82420ADE7B1
:10595000708D0300788D03005154030069550300D6
:1059600089560300C36993F82720F2B110B50022CD
:1059700083F8272003690446C3B1A06848B100F04A
:105980004FFCA06800F020FCA069BDE81040FFF7C4
:10599000D5BAE068F0B100F0B9FDE06800F070FD44
:1059A000A069BDE81040FFF7C9BA7047C369187A0B
:1059B00000F0FCFAE369187A00F080FAE369587A9B
:1059C00000F0F4FAE369587A00F078FAA068002849
:1059D000D5D1DEE72369002BD6D01868F4F7FAFC9E
:1059E000D2E700BF70B504460068F5F77DFDE269B7
:1059F000D3680133D360054600283FD0A36833B392
:105A00001B6801229A6026694EB3E3699D61626A50
:105A1000A06929460023FFF781FCA0B925698DB153
:105A2000E3691A4A196A00238803890C02F04EF8C8
:105A3000410805292868224638BF0521BDE8704085
:105A4000F4F76ABC70BD0020F4F736FAE6E7E068C8
:105A50000028D8D000F068FD2669002ED5D1E36972
:105A6000187A00F08BFA60B9E369587A00F086FA88
:105A70000028CAD00020F4F71FFAC6E7F4F71CFA92
:105A8000BCE73046F4F718FAEEE700BF40420F00DB
:105A90008069FFF7DBBB00BF30B50446C069C3694E
:105AA0001344C361E369656AD869A84283B007D02B
:105AB00001D803B030BD0020F4F7FEF903B030BDCB
:105AC0000025121ADD6111442068F5F735FDE26901
:105AD000D368013BD360E369DA68AA421BDB93F821
:105AE0002630002BE5D02068F5F7FEFC019068B168
:105AF000606801A900F0A8F840B9E2690199D3688B
:105B00000133D360626AA069FFF790FCE369002269
:105B100083F82620CDE72846F4F7CEF9E369DEE7DF
:105B20002DE9F04F8368D3F85434C3F340089B0742
:105B30008FB074D401296BD83C4C3D4B3D4A1B1BA4
:105B4000A2FB03121209172B0B9241D9DFF8F4B014
:105B500082462368E268D3F80890099200230DF189
:105B600037008DF83730A768F4F77CFC23681E688F
:105B70005A68964247D8961B9DF83700F4F798FC70
:105B800094F810E06369642505FB06FC5A4605FBA2
:105B900009F50821B5FBF7F550460A95BCFBF7FC63
:105BA000BEF1000F17D1244DCDF81490CDE9067544
:105BB0000A9DCDE90375099D0095CDE901C6FDF764
:105BC000ABF90B9B08F10108434504F11804C0D858
:105BD0000FB0BDE8F08F194ACDF81490CDE90672E8
:105BE0000A9ACDE90372099A0092CDE901C65A4694
:105BF0000821FDF791F90B9B08F10108434504F1D9
:105C00001804A6D8E4E7A368013313449E1BB3E746
:105C10000B4A0221FDF780F90FB0BDE8F08F00229A
:105C20001146FEF7AFFB0FB0BDE8F08FF48E030016
:105C30000C8F0300ABAAAAAAFC8D0300088E0300F8
:105C4000EC810300808D0300F0B5044683B000258D
:105C50000DF107000E468DF80750F4F703FC23689A
:105C6000A26818685968914238BF4D1CA84212D0EA
:105C7000586859688A420BD800225A60E268531E5D
:105C8000072B19D8DFE803F04540183B18181833E4
:105C900001315960F2E7217C002941D158685D68E3
:105CA000AA423AD859602268A16813688B4234BF6F
:105CB000013300231360E1E76368314600FB0230E3
:105CC000F2F786FE2268136851688B4282BFA06893
:105CD00001300918CB1A91689DF80700994238BF26
:105CE0009360F4F7E5FB0024204603B0F0BD636841
:105CF000D6E9006703EBC000C0E90067E2E763682C
:105D0000326843F82020DDE76368328823F81020EA
:105D1000D8E7636832781A54D4E701355D60C2E78A
:105D20009DF80700F4F7C4FB0424204603B0F0BD3F
:105D300070B5044682B000230DF107000D468DF8C2
:105D400007301646F4F78EFB2368186859688842B6
:105D500011D019682EB91A68A068824238BF561C43
:105D60001E60E268531E072B0DD8DFE803F0411ACE
:105D70000C260C0C0C329DF80700F4F799FB052457
:105D8000204602B070BD6368284601FB0231F2F77D
:105D90001FFE9DF80700F4F78BFB0024204602B09D
:105DA00070BD63689DF8070033F811302B80F4F75D
:105DB0007FFB0024204602B070BD63689DF8070099
:105DC00053F821302B60F4F773FB0024204602B017
:105DD00070BD63689DF8070003EBC101D1E90023A2
:105DE000C5E90023F4F764FB0024204602B070BD2F
:105DF00063689DF807005B5C2B70F4F759FB002487
:105E0000204602B070BD00BF30B5044683B0002507
:105E10000DF107008DF80750F4F724FB29460C22FA
:105E20002068F1F783FA9DF80700F4F741FB03B00F
:105E300030BD00BF03689868704700BF0368002248
:105E40009A6070472DE9F04F85B00026194DDFF8B4
:105E500068900190B3464FF0010805E09DF80F00EF
:105E6000F4F726FBA5431ED0F7B208FA07F40DF1AC
:105E70000F008DF80FB0F4F7F5FA2C4206F1010689
:105E8000ECD0D9F8003014EA030AE7D11C43019B97
:105E90009DF80F001F70C9F80040F4F709FB504649
:105EA00005B0BDE8F08F4FF0040A504605B0BDE8DC
:105EB000F08F00BFFFFF0100BCA9022030B5012315
:105EC00003FA00F4C4F3100383B013B9072003B03E
:105ED00030BD0B4B0025C3F808450DF107008DF8C8
:105EE0000750F4F7BFFA074A9DF80700136823EA42
:105EF00004041460F4F7DCFA284603B030BD00BF98
:105F000000F00140BCA90220D9B1D2B101238340E5
:105F100010B4C3F3100484B10D4C2468234212D092
:105F2000C00000F1804303F5F8330020C3F81015DA
:105F3000C3F814255DF8044B704707205DF8044B47
:105F400070470E20704708205DF8044B704700BF73
:105F5000BCA90220074A012312688340134206D0DD
:105F600000F51173044A002042F8231070470820FE
:105F7000704700BFBCA9022000F00140012202FAD4
:105F800000F3580C400440B91BB1064A1268134292
:105F900005D0054AC2F8043570470720704708202D
:105FA000704700BFBCA9022000F00140012202FAA4
:105FB00000F3580C400440B91BB1064A1268134262
:105FC00005D0054AC2F808357047072070470820F9
:105FD000704700BFBCA9022000F001402DE9F04F3E
:105FE00085B00026DFF864A00190B1460F254FF080
:105FF000010805E09DF80F00F4F75AFAA5431ED0FA
:10600000F7B208FA07F40DF10F008DF80F90F4F7CE
:1060100029FA2C4206F10106ECD09AF8003013EA76
:10602000040BE7D11C43019B9DF80F001F708AF8F9
:106030000040F4F73DFA584605B0BDE8F08F4FF048
:10604000040B584605B0BDE8F08F00BFC0A9022080
:1060500070B5144D012303FA00F42A7814F00F0FE1
:1060600014BF00260726224282B003D108263046FC
:1060700002B070BDC00000F1804000F5F830002291
:1060800043600DF107008DF80720F4F7EBF92B784A
:106090009DF8070023EA04042C70F4F709FA30464F
:1060A00002B070BDC0A90220012101FA00F203462E
:1060B00010070AD006480078104204D0054A002094
:1060C00042F833107047082070470720704700BF20
:1060D000C0A9022000F0014070B501238B401A07CF
:1060E00082B01FD0134A12781A421FD0450C6D049B
:1060F0000446BDB90E460DF107008DF80750F4F7C0
:10610000B1F9B10001F1804101F5F8319DF80700C6
:10611000D1F800381C43C1F80048F4F7C9F9284603
:1061200002B070BD0725284602B070BD082528467C
:1061300002B070BDC0A9022070B443791E4C1F4E3E
:1061400003EB430546F82320655D8DBB90F90430D1
:106150008A78002B24DB03F1604303F5614352018D
:10616000D2B283F8002390F90430002B07DB144DE2
:1061700003F01F0601225B09B24045F823200368A3
:106180000A88C3F8082543790879C97803EB4303E3
:10619000E218012550709170E554002070BC7047E2
:1061A000084D03F00F0352011D44D2B22A76DAE7FC
:1061B000082070BC704700BFC4A90220C8A90220F3
:1061C00000E100E0FCEC00E090F90430002B10B49A
:1061D0000DDB5A090F4C2032012103F01F0301FA95
:1061E00003F344F82230BFF34F8FBFF36F8F016882
:1061F000094B0A4A01244C600168C1F84833016820
:10620000C1F80833437903EB43030021D1545DF80F
:10621000044B704700E100E003000F00C4A9022016
:106220000368044901225A60437903EB4303CA54CB
:10623000704700BFC4A90220F0B44FF48035046851
:10624000234E8D40C4F848530468C4F80853447979
:1062500004EB4404344482B0647822F07F42F4B109
:10626000046801F5A87744F827200768D7F804C523
:10627000ACEB02046245427902EB4202164488BF4D
:1062800004F1FF14B27888BF04F57F4494421BDB0D
:106290006BB90020C7F8445302B0F0BC70470468E3
:1062A00001F5A87644F826200768002BF1D050317C
:1062B000890089B200237B507A5803680192019AC1
:1062C000C3F804530768E4E70D2002B0F0BC704740
:1062D000C4A902202DE9F041274F284EDFF8A08005
:1062E00084B000244FF48035D7F804332B4211D00A
:1062F00056F824200023E0B262B1C7F84853C7F82B
:10630000085346F8243056F824300393D8F8003068
:10631000039A98470134042C4FEA4505E4D1164B03
:10632000D3F80423D10702D5D3F80021C2B9124B08
:10633000D3F80423920710D5D3F804216AB10022C0
:10634000C3F80421D3F804210D4B0192019A1B6874
:10635000052004B0BDE8F041184704B0BDE8F08165
:106360000022C3F80021064AD3F8003102932046E8
:106370001368029A9847DAE7004002404041024021
:10638000C8A90220F0B507793A4E07EB470406EB9F
:10639000840583B02B7A002B68D1A4004FEA470C08
:1063A00032514A686A6042797AB11A461D469B00AA
:1063B000046803F5A0730132E550E3584479019372
:1063C000D3B29C42DDF804E0F1D80268CB7842F306
:1063D0000734002C4FEA123240DB04F1604404F52C
:1063E00061445B01DBB284F80033026842F3073397
:1063F000002B4FEA123409DB1F4D01225B0904F028
:106400001F0402FA04F445F823400268D2F8044558
:106410004B7824F0030403F003032343C2F804354C
:1064200004688B78D4F8082503F0030322F00302F4
:106430001343C4F8083500680B78D0F8102567447A
:1064400022F00F0203F00F0306EB8706134301212E
:10645000C0F810350020317203B0F0BD074C02F0D7
:106460000F025B011444DBB22376BEE7082003B0C1
:10647000F0BD00BFCCA9022000E100E0FCEC00E090
:10648000036843F30732002A10B40FDB190B5209DB
:10649000154C2032012301F01F0103FA01F144F8E9
:1064A0002210BFF34F8FBFF36F8F0368D3F8002222
:1064B0000E4A0021C3F8001203684FF0FF34C3F8FE
:1064C0000843036801241C61037903EB430302EBD7
:1064D00083031C72037903EB430302EB8302117203
:1064E0005DF8044B704700BF00E100E0CCA902203A
:1064F0000368054A01211960037903EB430302EBAA
:10650000830302221A727047CCA902200368054A4D
:1065100001211961037903EB430302EB8303197231
:10652000704700BFCCA9022003680122DA607047DF
:1065300070B44FF4803483B08C409BB18B000568FD
:1065400003F5A0730026EE50ED5803680195019DF8
:10655000C3F80443036801F5A87143F8212003B090
:1065600070BC70470368C3F80843F3E7F0B40768EA
:1065700040F20115D7F800428D4024EA0504C7F81F
:106580000042056882B0D5F800429DF818602343A8
:106590004FF48034C5F800328C409EB18B00056802
:1065A00003F5A0730026EE50ED5803680195019D98
:1065B000C3F80443036801F5A87143F8212002B031
:1065C000F0BC70470368C3F80843F3E72DE9F041D6
:1065D000114CDFF84C80114E82B000254FF480370B
:1065E000236807FA05F101357BB1D8F8042304F5D7
:1065F000C04011424FF0000380B206D023602368F0
:106600000193D6E90031019A9847042D04F104045E
:10661000E6D102B0BDE8F08140A10040CCA9022043
:1066200000A000402DE9F041114CDFF84C80114EE4
:1066300082B000254FF48037236807FA05F1013551
:106640007BB1D8F8042304F5C04011424FF0000399
:1066500080B206D0236023680193D6E90331019A02
:106660009847062D04F10404E6D102B0BDE8F0819C
:1066700040A10140CCA9022000A001402DE9F04139
:10668000114CDFF84C80114E82B000254FF480375A
:10669000236807FA05F101357BB1D8F8042304F526
:1066A000A04011424FF0000380B206D0236023685F
:1066B0000193D6E90631019A9847062D04F10404A6
:1066C000E6D102B0BDE8F08140B10140CCA9022082
:1066D00000B001400A7B0346032A0BD8DFE802F032
:1066E0001B21270C8A68520304D44969D3F84C252E
:1066F000914209D1012070478A685003F2D5D3F83E
:106700004C2508699042EDD000200622C3F8000510
:10671000C3F8002570470969D3F84C259142F3D19D
:10672000E8E70969D3F83C259142EDD1E2E7D3F8D7
:106730004C2508699042E7D14969D3F83C2591423C
:10674000E2D1D7E7F0B56D4BD3F824218DB052B12B
:106750000022C3F82421D3F824210592059AD3F806
:106760000421002A7AD0654DD5F80431002B37D0AA
:106770000023634CC5F80431236AD5F80421049240
:106780005E06049A04D494F82E20002A00F08F802C
:1067900013F004055BD15B4FDFF860C10FCF07AE8C
:1067A0000FC63B683360CCF86051DCF8603102936F
:1067B000029BCCF85C51DCF85C3194F830200393F8
:1067C000039B002A6ED14D4B4F48504E0021C3F819
:1067D0000012A160C3F808630823C0F8803117E0F5
:1067E000474CC5F84831D5F84821237B0192019ADE
:1067F000002B66D104F10C070FCF07AE0FC694F83B
:1068000030203B683360002A41D0256A05F004053A
:106810003A49D1F8C434C1F8C43498070FD50123DC
:106820008DF818300AB984F82F2015B194F82E305D
:106830001BB1D4E9003106A898470DB0F0BD590747
:1068400008D4DB074FD503238DF81830EAE794F816
:106850003020DDE702238DF81830E3E7284C0222D0
:10686000A168C3F80813A260A268C3F80423D3F890
:1068700060211AB1D3F800329F0503D41F4B0122C7
:106880001A625A61012384F82E300DB0F0BD1E4B00
:106890001E48C5F800220821A260C5F80803C3F805
:1068A0008011B2E794F82E30002BB1D08BE7284648
:1068B0002146FFF70FFF80F00100236A84F82E00C5
:1068C00066E7124B4FF4007140F20222C5F8001245
:1068D000A260C5F80833A368C5F804330123AB6090
:1068E0002B620DB0F0BD94F82E301BB104238DF84F
:1068F000183097E78DF8183094E700BF003000405B
:10690000F0A90220FCA9022000E100E002029C01A3
:106910002DE9F84F90F80490DFF80CA1342707FB1D
:1069200009F70AEB0706054696F82D00002865D101
:106930000C462868384990469B46F6F775FD0028B6
:1069400067D14AF80780B060C6F804B086F82F0017
:1069500086F83000637B86F8323023681F2B86BFB1
:1069600003F01F032D4A4FF0A04203F5E07340F2FD
:106970000C6142F8231063681F2B86BF03F01F03CE
:10698000264A4FF0A04203F5E07340F20C6142F852
:106990002310D4E900212B68C3F80825C3F80C158F
:1069A000A268C3F82425B8F1000F1FD02A68237B02
:1069B00042F3073100294FEA123222DB01F1604134
:1069C00001F561415B01DBB281F800332B6843F3D1
:1069D0000732002A4FEA133308DB114C0121520918
:1069E00003F01F0301FA03F344F82230342303FBBE
:1069F00009A9012389F82D30BDE8F88F0820BDE8EA
:106A0000F88F084902F00F025B011144DBB20B76EC
:106A1000DCE71120BDE8F88F456703000003005054
:106A200000E100E0FCEC00E0F0A902200379064957
:106A30000268342000FB03130220062183F82D0096
:106A4000C2F80015704700BFF0A9022010B40C4C2A
:106A5000027903680B49342000FB02420020906059
:106A6000C3F80813D3F80012012421F4BC51C3F871
:106A7000001282F82D40C3F800055DF8044B704702
:106A8000F0A9022002029C012DE9F04788B00679A6
:106A90009DF84050784F00684FF0000C3424654555
:106AA00004FB067402F0604514BF4FF02008E04676
:106AB000B5F1005F84F82EC066D1704DC0F8085360
:106AC00094F82FC00CF0FF05BCF1000F68D106EB65
:106AD000460C06EB8C0C4FEA8C0C0CF10C0907EB06
:106AE000090E4FF0010A84F82FA007F80950CEE9EB
:106AF0000135CEE903258EF80110C0F88815C0F8DD
:106B00000451D0F8041101910199C0F82451D0F832
:106B1000241102910299C0F86051D0F860110391DC
:106B20000399C0F84851D0F848110491049984F8A9
:106B30003050C0F85055C4F82080C0F84055C0F817
:106B40004425C0F84835B8F1000F21D14FF4007248
:106B50000223C0F80022A3603423012403FB06F3C0
:106B600004628460F9583B4409B39A6842F0020217
:106B70009A609A6842F400729A609B68C0F8043385
:106B8000002008B0BDE8F087102008B0BDE8F0870D
:106B90004FF480724FF48023C0F80022A360DBE73B
:106BA000A368C0F80433112008B0BDE8F0870B4695
:106BB000D0F84821EAB1D0F804212AB1C0F8043154
:106BC000D0F804210592059AD0F8242102B30122BD
:106BD000C0F82431D0F8241107910799D0F86051FA
:106BE000D0F8001275B904624461D0F84821002A37
:106BF000E1D1D0F80421002AE0D1D0F824110029F5
:106C0000D6D0E5E78D0517D5C90519D4002ACFD010
:106C1000342303FB0676D0F8C434C0F8C434002211
:106C200086F82F209BB907EB0C01FFF753FD0028D6
:106C300014BF00200320A8E7CA0504624461B7D549
:106C4000C0F84831D0F848210692069AB0E713F010
:106C5000010F18BF4FF4024048F2012208BF032081
:106C600013F0020F18BF104648F2022213F0040F6F
:106C700018BF104689E700BFF0A9022002029C015C
:106C80002DE9F04790F804C0704F0468342606FBE5
:106C90000CF6BD1902F060404FF0000EB0F1005F3D
:106CA00088B085F82EE060D16948C4F8080395F8EB
:106CB0002FE00EF0FF00BEF1000F40F0AB800CEBB8
:106CC0004C090CEB89094FEA890909F10C0A07EB19
:106CD0000A0E4FF0010885F82F8007F80A80CEE9E8
:106CE0000320CEE901308EF80110C4F88815C4F8ED
:106CF0000401D4F8041101910199C4F82401D4F8D5
:106D0000241102910299C4F86001D4F86011039132
:106D10000399C4F84801D4F8481104914FF4805EF7
:106D20000221DDF810A085F83000C4F85005286273
:106D3000C4F84005C4F83425C4F83835C4F800E276
:106D4000A960C4F82080C4F80080BA598AB1AB6841
:106D500043F00203AB60AB6843F40073AB60AB6815
:106D6000C4F8043308B0BDE8F087102008B0BDE8CF
:106D7000F0874346D4F84811E9B1D4F8041129B199
:106D8000C4F80421D4F8041105910599D4F824110C
:106D900001B30121C4F82421D4F8240107900798F5
:106DA000D4F86051D4F8000275B923626361D4F855
:106DB00048110029E1D1D4F804110029E0D1D4F818
:106DC00024010028D6D0E5E7860518D5C5051AD4D4
:106DD0000029CFD0342303FB0C7CD4F8C434C4F88E
:106DE000C43400228CF82F20DBB907EB09012046C0
:106DF000FFF770FC002814BF00200320B2E7C10594
:106E000023626361B6D5C4F84821D4F848110691CD
:106E10000699AFE7AB68C4F80433112008B0BDE8A9
:106E2000F08713F0010F18BF4FF4024048F201221F
:106E300008BF032013F0020F18BF104648F20222C9
:106E400013F0040F18BF10468CE700BFF0A9022012
:106E500002029C0130B585B0047885888DF8004029
:106E60008468ADF804508DF80640C568074A084BA1
:106E70008DF80750D0E9040453F8213052F821105E
:106E8000CDE902046846984705B030BD24AA022027
:106E90002CAA02202DE9F04FDFF868C107780646DA
:106EA0000C465448497B4CF8272040F8273081B0E5
:106EB000154661B9504A002D3B46214606F10400B3
:106EC00008BF2A4601B0BDE8F04FFFF721BD226898
:106ED0004A48DFF82CB14FF0A04302F5E07240F2CF
:106EE0000C6143F82210626802F5E0724FF0010A6B
:106EF00043F8221021681F2984BF01F01F0103F508
:106F0000407301228A40C3F8082563681F2B8ABF9B
:106F10003B4A4FF0A04203F01F030AFA03F3C2F802
:106F2000083523684FF0A04203F5E07340F20D618D
:106F300042F82310636803F5E07340EA0A0842F858
:106F400023104FF48070C0474FF0000963681F2B77
:106F50008ABF5A464FF0A04203F01F01D2F8102515
:106F600098BF1946CA40D2073FD423681F2B8ABF57
:106F70005A464FF0A04203F01F030AFA03F3C2F887
:106F80000C354FF48070C04723681F2B86BF03F079
:106F90001F035A464FF0A0420AFA03F3C2F808351D
:106FA00009F101094FF48070C047B9F1090FCDD143
:106FB00063681F2B8ABF12494FF0A04103F01F03E3
:106FC000012202FA03F3C1F80C354FF48070C04778
:106FD00062681F2A86BF0A4902F01F024FF0A041D3
:106FE00001239340C1F8083564E7B9F1000FE0D1FF
:106FF00060E700BF24AA0220556E0300708E0300D4
:10700000000300502CAA0220034B187810B901226B
:107010001A7070478520704734AA0220024B53F83B
:10702000213007C8184700BF38AA022010B4044C0A
:10703000037944F82320034A5DF8044BF6F750BB6C
:1070400038AA02201D700300034611F8012B03F833
:10705000012B002AF9D1704710B56AB101398418A3
:1070600010F8013B11F8012F934203D1A04201D047
:10707000002BF5D1981A10BD1046FCE7012B2DE925
:10708000F04701D0242B06D900F086F816230360C0
:107090000020BDE8F0873A4F8E4676461EF8014B39
:1070A000E55D15F00805F8D12D2C34D19EF800408F
:1070B0004FF0010806F1020E002B5CD0102B0CD112
:1070C000302C0AD19EF8004004F0DF04582C4DD13A
:1070D0009EF8014010230EF1020E08F1004C0CF155
:1070E000FF3C0026BCFBF3F9354603FB19CAA4F1AB
:1070F0003007092F18D83C46A34224DD002E1FDBA1
:10710000A9451DD301D1A2451ADB05FB0345012684
:107110001EF8014BEBE72B2C08BF9EF80040A84659
:1071200008BF06F1020EC7E7A4F14107192F01D8E5
:10713000373CE1E7A4F16107192F04D8573CDBE79E
:107140004FF0FF36E4E7002E05DA222303606546A0
:1071500042B928469DE7B8F1000F00D06D42002AE1
:10716000F7D00EB10EF1FF311160F2E73024002BA1
:10717000B3D10823B1E7302CA4D00A23ADE700BF78
:107180005480030013460A46014602480068FFF790
:1071900075BF00BF482C0020014B1868704700BF26
:1071A000482C002081F0004102E000BF83F0004342
:1071B00030B54FEA41044FEA430594EA050F08BF92
:1071C00090EA020F1FBF54EA000C55EA020C7FEA56
:1071D000645C7FEA655C00F0E2804FEA5454D4EBD3
:1071E0005555B8BF6D420CDD2C4480EA020281EA9D
:1071F000030382EA000083EA010180EA020281EAD5
:107200000303362D88BF30BD11F0004F4FEA013126
:107210004FF4801C4CEA113102D0404261EB410135
:1072200013F0004F4FEA03334CEA133302D05242BB
:1072300063EB430394EA050F00F0A780A4F1010477
:10724000D5F1200E0DDB02FA0EFC22FA05F28018B1
:1072500041F1000103FA0EF2801843FA05F3594197
:107260000EE0A5F120050EF1200E012A03FA0EFC16
:1072700028BF4CF0020C43FA05F3C01851EBE37140
:1072800001F0004507D54FF0000EDCF1000C7EEB5D
:1072900000006EEB0101B1F5801F1BD3B1F5001F9B
:1072A0000CD349085FEA30004FEA3C0C04F10104BA
:1072B0004FEA445212F5800F80F09A80BCF1004FE3
:1072C00008BF5FEA500C50F1000041EB045141EA65
:1072D000050130BD5FEA4C0C404141EB0101013C2E
:1072E00028BFB1F5801FE9D291F0000F04BF01461D
:1072F0000020B1FA81F308BF2033A3F10B03B3F1EF
:1073000020020CDA0C3208DD02F1140CC2F10C027E
:1073100001FA0CF021FA02F10CE002F11402D8BFDC
:10732000C2F1200C01FA02F120FA0CFCDCBF41EAA8
:107330000C019040E41AA2BF01EB0451294330BD77
:107340006FEA04041F3C1CDA0C340EDC04F1140454
:10735000C4F1200220FA04F001FA02F340EA03002B
:1073600021FA04F345EA030130BDC4F10C04C4F171
:10737000200220FA02F001FA04F340EA0300294651
:1073800030BD21FA04F0294630BD94F0000F83F49B
:10739000801306BF81F480110134013D4EE77FEA7E
:1073A000645C18BF7FEA655C29D094EA050F08BFCA
:1073B00090EA020F05D054EA000C04BF19461046AB
:1073C00030BD91EA030F1EBF0021002030BD5FEAEF
:1073D000545C05D14000494128BF41F0004130BD17
:1073E00014F580043CBF01F5801130BD01F000456B
:1073F00045F0FE4141F470014FF0000030BD7FEADE
:10740000645C1ABF194610467FEA655C1CBF0B46D8
:10741000024650EA013406BF52EA033591EA030FEF
:1074200041F4002130BD00BF90F0000F04BF0021E7
:10743000704730B54FF4806404F132044FF000051A
:107440004FF0000150E700BF90F0000F04BF002193
:10745000704730B54FF4806404F1320410F00045F9
:1074600048BF40424FF000013EE700BF42004FEAF4
:10747000E2014FEA31014FEA02701FBF12F07F4371
:1074800093F07F4F81F06051704732F07F4208BF28
:10749000704793F07F4F04BF41F40021704730B52F
:1074A0004FF4607401F0004521F000411CE700BF7B
:1074B00050EA010208BF704730B54FF000050AE0FE
:1074C00050EA010208BF704730B511F0004502D5FF
:1074D000404261EB41014FF4806404F132045FEA01
:1074E000915C3FF4D8AE4FF003025FEADC0C18BFAA
:1074F00003325FEADC0C18BF033202EBDC02C2F19C
:10750000200300FA03FC20FA02F001FA03FE40EA2D
:107510000E0021FA02F11444BDE600BF70B54FF031
:10752000FF0C4CF4E06C1CEA11541DBF1CEA13550F
:1075300094EA0C0F95EA0C0F00F0DEF82C4481EA77
:10754000030621EA4C5123EA4C5350EA013518BF97
:1075500052EA033541F4801143F4801338D0A0FB84
:1075600002CE4FF00005E1FB02E506F00042E0FB31
:1075700003E54FF00006E1FB03569CF0000F18BF37
:107580004EF0010EA4F1FF04B6F5007F64F54074DF
:1075900004D25FEA4E0E6D4146EB060642EAC62172
:1075A00041EA55514FEAC52040EA5E504FEACE2EDF
:1075B000B4F1FD0C88BFBCF5E06F1ED8BEF1004FE2
:1075C00008BF5FEA500E50F1000041EB045170BD5E
:1075D00006F0004646EA010140EA020081EA0301A2
:1075E000B4EB5C04C2BFD4EB0C0541EA045170BD9E
:1075F00041F480114FF0000E013C00F3AB8014F118
:10760000360FDEBF002001F0004170BDC4F1000460
:10761000203C35DA0C341BDC04F11404C4F12005E1
:1076200000FA05F320FA04F001FA05F240EA02003C
:1076300001F0004221F0004110EBD37021FA04F672
:1076400042EB06015EEA430E08BF20EAD37070BD2C
:10765000C4F10C04C4F1200500FA04F320FA05F08B
:1076600001FA04F240EA020001F0004110EBD3708D
:1076700041F100015EEA430E08BF20EAD37070BDFD
:10768000C4F1200500FA05F24EEA020E20FA04F3D6
:1076900001FA05F243EA020321FA04F001F0004185
:1076A00021FA04F220EA020000EBD3705EEA430EF6
:1076B00008BF20EAD37070BD94F0000F0FD101F025
:1076C0000046400041EB010111F4801F08BF013C5E
:1076D000F7D041EA060195F0000F18BF704703F09C
:1076E0000046520043EB030313F4801F08BF013D23
:1076F000F7D043EA0603704794EA0C0F0CEA1355DF
:1077000018BF95EA0C0F0CD050EA410618BF52EA98
:107710004306D1D181EA030101F000414FF000009E
:1077200070BD50EA410606BF1046194652EA4306AC
:1077300019D094EA0C0F02D150EA013613D195EA20
:107740000C0F05D152EA03361CBF104619460AD168
:1077500081EA030101F0004141F0FE4141F4700172
:107760004FF0000070BD41F0FE4141F4780170BD62
:1077700070B54FF0FF0C4CF4E06C1CEA11541DBFC7
:107780001CEA135594EA0C0F95EA0C0F00F0A7F8C9
:10779000A4EB050481EA030E52EA03354FEA0131F6
:1077A00000F088804FEA03334FF0805545EA131309
:1077B00043EA12634FEA022245EA111545EA1065D1
:1077C0004FEA00260EF000419D4208BF964244F168
:1077D000FD0404F5407402D25B084FEA3202B61A87
:1077E00065EB03055B084FEA32024FF480104FF45B
:1077F000002CB6EB020E75EB030E22BFB61A7546CF
:1078000040EA0C005B084FEA3202B6EB020E75EB61
:10781000030E22BFB61A754640EA5C005B084FEAC9
:107820003202B6EB020E75EB030E22BFB61A754696
:1078300040EA9C005B084FEA3202B6EB020E75EBA1
:10784000030E22BFB61A754640EADC0055EA060E62
:1078500018D04FEA051545EA16754FEA06164FEAA5
:10786000C30343EA52734FEAC2025FEA1C1CC0D151
:1078700011F4801F0BD141EA00014FF000004FF0DE
:10788000004CB6E711F4801F04BF01430020B4F19F
:10789000FD0C88BFBCF5E06F3FF6AFAEB5EB030C57
:1078A00004BFB6EB020C5FEA500C50F1000041EB54
:1078B000045170BD0EF0004E4EEA113114EB5C0421
:1078C000C2BFD4EB0C0541EA045170BD41F48011F4
:1078D0004FF0000E013C90E645EA060E8DE60CEAFC
:1078E000135594EA0C0F08BF95EA0C0F3FF43BAF19
:1078F00094EA0C0F0AD150EA01347FF434AF95EAD0
:107900000C0F7FF425AF104619462CE795EA0C0FB3
:1079100006D152EA03353FF4FDAE1046194622E780
:1079200050EA410618BF52EA43067FF4C5AE50EA5A
:1079300041047FF40DAF52EA43057FF4EBAE12E74A
:107940004FF0FF3C06E000BF4FF0010C02E000BF2B
:107950004FF0010C4DF804CD4FEA410C7FEA6C5C0E
:107960004FEA430C18BF7FEA6C5C1BD001B050EAB1
:10797000410C0CBF52EA430C91EA030F02BF90EA9C
:10798000020F0020704710F1000F91EA030F58BF5B
:10799000994208BF90422CBFD8176FEAE37040F0BD
:1079A000010070474FEA410C7FEA6C5C02D150EA5B
:1079B000013C07D14FEA430C7FEA6C5CD6D152EA16
:1079C000033CD3D05DF8040B704700BF84461046DB
:1079D00062468C461946634600E000BF01B5FFF7DA
:1079E000B7FF002848BF10F1000F01BD4DF808EDAA
:1079F000FFF7F4FF0CBF012000205DF808FB00BF7B
:107A00004DF808EDFFF7EAFF34BF012000205DF8D4
:107A100008FB00BF4DF808EDFFF7E0FF94BF012021
:107A200000205DF808FB00BF4DF808EDFFF7CEFF22
:107A300094BF012000205DF808FB00BF4DF808ED61
:107A4000FFF7C4FF34BF012000205DF808FB00BF32
:107A50004FEA410C7FEA6C5C02D150EA013C0AD14A
:107A60004FEA430C7FEA6C5C02D152EA033C02D13C
:107A70004FF0000070474FF0010070474FEA41029D
:107A800012F5001215D211D56FF47873B3EB625270
:107A900012D94FEAC12343F0004343EA505311F097
:107AA000004F23FA02F018BF404270474FF0000029
:107AB000704750EA013005D111F0004008BF6FF067
:107AC000004070474FF00000704700BF53B94AB9FB
:107AD000002908BF00281CBF4FF0FF314FF0FF30D6
:107AE00000F06EB9ADF1080C6DE904CE00F006F8B7
:107AF000DDF804E0DDE9022304B070472DE9F0472A
:107B0000089D04468C46002B40F083808A4217462D
:107B100047D9B2FA82F242B1C2F1200024FA00F051
:107B20009140974040EA010C94404FEA1748230CDB
:107B3000BCFBF8F61FFA87FE08FB16C143EA0143B7
:107B400006FB0EF1994209D9FB1806F1FF3080F0CF
:107B50001981994240F21681023E3B445B1AA4B25D
:107B6000B3FBF8F008FB103344EA034400FB0EFEBD
:107B7000A64509D93C1900F1FF3380F00581A645DF
:107B800040F2028102383C4440EA0640A4EB0E0475
:107B900000261DB1D4400023C5E900433146BDE8AD
:107BA000F08702B9FFDEB2FA82F2002A50D1CB1B75
:107BB0004FEA174E1FFA87F80126B3FBFEFC210C93
:107BC0000EFB1C3341EA034108FB0CF38B4207D93F
:107BD00079180CF1FF3002D28B4200F2E980844622
:107BE000C91AA3B2B1FBFEF00EFB101143EA014427
:107BF00008FB00F8A04507D93C1900F1FF3302D279
:107C0000A04500F2D9801846A4EB080440EA0C40D5
:107C1000BFE78B4209D9002D00F0B1800026C5E9ED
:107C2000000130463146BDE8F087B3FA83F6002EF6
:107C30004AD18B4202D3824200F2B880841A61EBAF
:107C4000030101208C46002DA8D0C5E9004CA5E712
:107C5000C2F1200320FA03F6974001FA02F04FEA3E
:107C6000174ED9403043030CB1FBFEF61FFA87F8DC
:107C70000EFB161143EA014306FB08F1994204FA90
:107C800002F409D9FB1806F1FF3C80F08D8099427F
:107C900040F28A80023E3B445B1A81B2B3FBFEF0A5
:107CA0000EFB103341EA034100FB08F38B4207D976
:107CB000791800F1FF3C73D28B4271D902383944F4
:107CC000CB1A40EA064678E7C6F1200C03FA06F420
:107CD00022FA0CF31C4320FA0CF701FA06F34FEAE0
:107CE000144E21FA0CF11F433B0CB1FBFEF91FFAB5
:107CF00084F80EFB191143EA014109FB08FA8A4591
:107D000002FA06F200FA06F308D9611809F1FF3009
:107D100048D28A4546D9A9F102092144A1EB0A01BA
:107D2000BFB2B1FBFEF00EFB101147EA014700FBAA
:107D300008F8B84507D9E71900F1FF312ED2B84548
:107D40002CD90238274440EA0940A7EB0807A0FBDA
:107D500002894F45C64649461AD317D05DB1B3EBE9
:107D60000E0267EB010707FA0CFCF2404CEA020234
:107D7000F740C5E9002700263146BDE8F0872E46CA
:107D800028460BE70646E9E61846FDE64345E5D2F8
:107D9000B8EB020E69EB04010138DFE70846D2E7D1
:107DA00060468DE78146B9E7664675E730464AE7A3
:107DB000ACF1020C394413E702383C4424E700BF1D
:107DC000704700BFF8B500BFF8BC08BC9E467047BE
:107DD000F8B500BFF8BC08BC9E4670474C2C00208C
:107DE000494E4600696E66004E414E006E616E005F
:107DF000300030313233343536373839414243443C
:107E000045460030313233343536373839616263B4
:107E100064656600496E66696E697479004E614EEC
:107E2000005245454E54206D616C6C6F6320737534
:107E300063636565646564002F746D702F6A656E99
:107E40006B696E732D4743432D392D706970656CD6
:107E5000696E652D3230305F32303230303532313C
:107E60005F313539303035333238352F7372632F07
:107E70006E65776C69622F6E65776C69622F6C69CD
:107E800062632F7374646C69622F64746F612E6314
:107E90000042616C6C6F6320737563636565646534
:107EA00064002F746D702F6A656E6B696E732D4759
:107EB00043432D392D706970656C696E652D3230C4
:107EC000305F32303230303532315F313539303039
:107ED00035333238352F7372632F6E65776C696274
:107EE0002F6E65776C69622F6C6962632F7374649F
:107EF0006C69622F6D707265632E63000000000074
:107F00000080E03779C34143176E05B5B5B8934695
:107F1000F5F93FE9034F384D321D30F94877825A61
:107F20003CBF737FDD4F1575000000000000F03F7F
:107F30000000000000002440000000000000594044
:107F40000000000000408F40000000000088C34097
:107F500000000000006AF8400000000080842E410C
:107F600000000000D01263410000000084D7974158
:107F70000000000065CDCD41000000205FA002425E
:107F8000000000E876483742000000A2941A6D42D3
:107F9000000040E59C30A2420000901EC4BCD642C6
:107FA00000003426F56B0C430080E03779C3414371
:107FB00000A0D8855734764300C84E676DC1AB43E7
:107FC000003D9160E458E143408CB5781DAF154405
:107FD00050EFE2D6E41A4B4492D54D06CFF08044E0
:107FE000F64AE1C7022DB544B49DD9794378EA44F5
:107FF00005000000190000007D0000002C206675BF
:108000006E6374696F6E3A20006173736572746990
:108010006F6E2022257322206661696C65643A20A8
:1080200066696C6520222573222C206C696E6520A0
:108030002564257325730A004300504F53495800A7
:108040002E00232D302B2000686C4C0065666745A0
:1080500046470000202020202020202020282828FB
:108060002828202020202020202020202020202000
:108070002020202088101010101010101010101048
:108080001010101004040404040404040404101068
:108090001010101010414141414141010101010105
:1080A00001010101010101010101010101010110B1
:1080B00010101010104242424242420202020202DA
:1080C0000202020202020202020202020202021082
:1080D0001010102000000000000000000000000050
:1080E0000000000000000000000000000000000090
:1080F0000000000000000000000000000000000080
:10810000000000000000000000000000000000006F
:10811000000000000000000000000000000000005F
:10812000000000000000000000000000000000004F
:10813000000000000000000000000000000000003F
:10814000000000000000000000000000000000002F
:10815000000000000000000000000000000000001F
:10816000000000000000000000000000000000000F
:1081700000000000000000000000000000000000FF
:1081800000000000000000000000000000000000EF
:1081900000000000000000000000000000000000DF
:1081A00000000000000000000000000000000000CF
:1081B000000000000100060000000000802F0020E9
:1081C0000D9F020000000000000000000000000001
:1081D0000338FDD8704700000000FFFFDEC0ADDEB1
:1081E000FE011EF1DEC0ADDEFF011EF14261642022
:1081F000617267756D656E7420636F756E740000D3
:1082000025730D0A092D20456C656D656E7420730C
:10821000697A653A092564202B20256420627974E7
:108220006573206F6620646562756720696E666F8E
:10823000726D6174696F6E0D0A092D205573616747
:10824000653A092575252520282575206F75742028
:108250006F6620257520656C656D656E7473290DDC
:108260000A092D204D6178696D756D3A09257525CE
:108270002520282575206F7574206F6620257520B0
:10828000656C656D656E7473290D0A0D0A0000003A
:1082900062616C6C6F630000436F6D6D616E64733F
:1082A00020666F722042414C4C4F43206D616E61DD
:1082B00067656D656E74000073746174757300009A
:1082C0005072696E7420737461747573206F6620C8
:1082D00062616C6C6F6320696E7374616E63657349
:1082E0002E00000000000000EC820300B8820300B2
:1082F000C082030000000000EDB302000000000097
:108300000000000000000000000000009082030058
:1083100098820300E4820300EDB30200303132336F
:108320003435363738394142434445468C8E030054
:108330008C8E03000400000000000000010100001A
:10834000010000000000000007040000706924D351
:10835000FC0A82524E55E4A0D750EA476D757374FB
:108360006172640025733A206261642070617261F9
:108370006D6574657220636F756E740A000000008D
:1083800025733A20756E6B6E6F776E207061726127
:108390006D657465723A2025730A0000706D750072
:1083A000696E6974000000005072696E7420616C1F
:1083B0006C20656E746572656420706172616D65B4
:1083C000746572732E000000726561640000000025
:1083D00072656164207265676973746572202868CC
:1083E0006578292066726F6D20706D750000000041
:1083F0007772697465000000777269746520726530
:108400006769737465722028686578292066726FC1
:108410006D20706D75000000736574566F6C74612B
:108420006765000073657420566F6C746167650042
:1084300063616D0063616D6572610000636C6B0068
:1084400063617074757265007072696E740000000B
:10845000693263007363616E0000000073706973BA
:10846000000000007265636569766500737069429B
:1084700075732C20646174612C206C656E67746860
:10848000000000006D5F636C695F6C69627561720A
:1084900074655F636D645F686973745F6D656D6F4C
:1084A000626A00006D7573746172645D2000000083
:1084B000A4840300C8840300986701200000000022
:1084C000702E00200C8F03001C8D0300F06B012028
:1084D000D8840300E4840300FC6B0120FF0100004A
:1084E000FC6D0120146E0120FF01000014700120BA
:1084F00000000000F88403003C840300A88303000C
:10850000000000005DE7020040840300A883030030
:108510000000000045E7020048840300A883030030
:108520000000000029E70200000000000000000039
:108530000000000000000000000000004085030073
:1085400054840300A88303000000000025E7020014
:10855000000000000000000000000000000000001B
:108560000000000068850300A0830300A8830300C7
:108570000000000001E80200C8830300D08303006C
:1085800000000000E9E70200F0830300F883030025
:1085900000000000C1E702001884030024840300E7
:1085A0000000000061E70200000000000000000081
:1085B000000000000000000000000000C085030073
:1085C000648403006C8403000000000001E70200E3
:1085D000000000000000000000000000000000009B
:1085E0003084030034840300F0840300F5E80200C3
:1085F000508403005084030038850300A5E802007E
:108600009C8303009C8303006085030055E80200FF
:108610005C8403005C840300B885030005E8020065
:108620006865616420213D207461696C0000000070
:108630006576656E742E63006576656E745175653A
:1086400075655075736800000300020000000000AB
:10865000003000400000000001000000882E0020D3
:10866000A82E002003000100030002000200020007
:1086700000B001400206000001000007EC8E03007C
:10868000F48E030008000000DC8E0300EC8E030073
:1086900008000000CC8E0300DC8E03000800000000
:1086A0008C8E0300CC8E0300080000007C8E03003B
:1086B0008C8E0300080000001B5B25644300000053
:1086C000257300004F7074696F6E733A0A000000E2
:1086D0002020252D2A733A0053686F7720636F6D31
:1086E0006D616E642068656C702E00005375626366
:1086F0006F6D6D616E64733A0A0000001B5B256448
:10870000420000001B5B2564440000001B5B2564E5
:108710004100000025630000257325730A00000056
:108720003A20636F6D6D616E64206E6F7420666FAA
:10873000756E64006E6F74207465726D696E61741D
:1087400065643A2025630A002D6800002D2D6865B8
:108750006C700000506C65617365207370656369AF
:108760006679206120737562636F6D6D616E642E32
:108770000A0000005461622066756E6374696F6E52
:108780003A20636F6D6D616E647320636F756E74F4
:108790006572206F766572666C6F7765642E0A006D
:1087A000202000000A257325730000000A257300AD
:1087B00025733A257325730A0000000020756E6B3F
:1087C0006E6F776E20706172616D657465723A20AC
:1087D0000000000025733A2077726F6E6720706189
:1087E00072616D6574657220636F756E740A000046
:1087F0005B2533645D2025730A0000004C6F7374A1
:10880000206C6F67733A2025750A4D6178206C6F74
:1088100067207175657565207574696C697A617416
:10882000696F6E3A2025752525205B25752F2575E6
:108830005D0A00006F6E00006F6666004563686F3A
:10884000207374617475733A2025730A0000000068
:108850004E6F20726573706F6E73652066726F6DF8
:1088600020746865207465726D696E616C2C20617E
:108870007373756D65642038307832342073637299
:1088800065656E2073697A650A00000020202573F3
:108890002573257300000000726573697A65000016
:1088A000436F6E736F6C65206765747320746572B7
:1088B0006D696E616C2073637265656E2073697A91
:1088C00065206F7220617373756D65732038302079
:1088D000696E2063617365207468652072656164E8
:1088E0006F7574206661696C732E204974206D75F4
:1088F00073742062652065786563757465642061B2
:10890000667465722065616368207465726D696E56
:10891000616C207769647468206368616E676520A4
:10892000746F20656E7375726520636F7272656314
:1089300074207465787420646973706C61792E009A
:10894000686973746F727900436F6D6D616E642036
:10895000686973746F72792E00000000636C69009F
:1089600055736566756C2C206E6F7420556E697832
:108970002D6C696B6520434C4920636F6D6D616E92
:1089800064732E00636C656172000000436C656166
:10899000722073637265656E2E0000006465666107
:1089A000756C7400417373756D6520383020636891
:1089B0006172732073637265656E20776964746891
:1089C00020616E642073656E64207468697320731F
:1089D000657474696E6720746F20746865207465AF
:1089E000726D696E616C2E00636F6C6F7273000044
:1089F000546F67676C6520636F6C6F72656420737A
:108A0000796E7461782E00006563686F0000000065
:108A1000546F67676C6520434C49206563686F2E0F
:108A2000000000007374617473000000434C49201F
:108A3000737461746973746963732E00726573650E
:108A400074000000526573657420434C49207374B0
:108A5000617469737469637320666F7220746865EA
:108A6000204C6F67676572206D6F64756C652E00B2
:108A700073686F770000000047657420434C4920FD
:108A80007374617469737469637320666F722074A0
:108A90006865204C6F67676572206D6F64756C65E3
:108AA0002E00000044697361626C6520434C4920CC
:108AB0006563686F2E204172726F777320616E64F8
:108AC00020627574746F6E733A204261636B7370C9
:108AD0006163652C2044656C6574652C20456E646B
:108AE0002C20486F6D652C20496E7365727420616F
:108AF0007265206E6F742068616E646C65642E0010
:108B0000456E61626C6520434C49206563686F2E39
:108B10000000000044697361626C6520636F6C6FD4
:108B20007265642073796E7461782E00456E61629F
:108B30006C6520636F6C6F7265642073796E74610D
:108B4000782E00001B5B4A001B3700001B3800001A
:108B50001B5B6D001B5B4B001B5B48001B5B324AC1
:108B6000000000001B5B3F336C0000000820080081
:108B70001B5B366E00000000202D2000000000006E
:108B80000338FDD8704700002D682C202D2D686516
:108B90006C700000000000009C8B0300E88903005B
:108BA000F0890300148C030031430300088A03009A
:108BB000108A03004C8C0300D1410300248A030077
:108BC0002C8A0300DC8B0300193F03000000000027
:108BD0000000000000000000000000000000000095
:108BE000E48B03003C8A0300448A03000000000079
:108BF00095410300708A0300788A0300000000009A
:108C0000E140030000000000000000000000000040
:108C100000000000000000001C8C030038880300E6
:108C2000148B030000000000A140030034880300FF
:108C30002C8B030000000000793F030000000000BF
:108C40000000000000000000000000000000000024
:108C5000548C030038880300A48A0300000000003D
:108C6000A93F030034880300008B030000000000CC
:108C7000E93F0300000000000000000000000000C9
:108C800000000000000000008C8C03009C890300A1
:108C9000A48903000000000051410300000000000F
:108CA00000000000000000000000000084890300B4
:108CB0008C89030000000000092603005C89030082
:108CC00060890300948B0300F53E03004089030094
:108CD0004889030000000000194003009888030041
:108CE000A0880300848C03004D4203002C20000068
:108CF0006C696275617274655F72785F706F6F6CBA
:108D0000000000006C696275617274655F7278645E
:108D10006174615F7175657565000000BD47030092
:108D2000B9460300A14603004D4703006D4603000A
:108D3000248F0300F48E0300688D03000000000000
:108D40000000000000000000588D030084A90220EC
:108D5000794603000300000034A0022000A0004078
:108D600000040000002000400040024024000400F5
:108D70000000064100000000FFFF0305FF0607009A
:108D800025730D0A092D20456C656D656E74207381
:108D9000697A653A0925640D0A092D2055736167C2
:108DA000653A092575252520282575206F757420BD
:108DB0006F6620257520656C656D656E7473290D71
:108DC0000A092D204D6178696D756D3A0925752563
:108DD0002520282575206F7574206F662025752045
:108DE000656C656D656E7473290D0A092D204D6FD4
:108DF00064653A090925730D0A0D0A004F766572FC
:108E0000666C6F77000000004E6F206F76657266AB
:108E10006C6F77005072696E74207374617475732F
:108E2000206F6620717565756520696E7374616E5B
:108E30006365732E00000000148D03009882030008
:108E4000488E0300215B030000000000508E0300E9
:108E5000B8820300148E030000000000215B0300B1
:108E60000000000000000000000000000000000002
:0C8E70000338FDD870470000000000002F
:108E7C0085BE0200000000005DC80200000000007A
:108E8C00291103000000000031DD02000000000089
:108E9C00C90D0300F8320020E515030054370020FB
:108EAC00DD0E03000000000075170300683700207A
:108EBC00E9DD02002C370020A5E0020000000000D4
:108ECC006DBF02000000000085C802000000000019
:108EDC002D1B030000000000251C030000000000F7
:088EEC0079BD02000000000046
:108EF40078A9022078A50220FF00000004000000E9
:088F040001000000048D0300D0
:108F0C0008660120906701209867012010660120F7
:108F1C00848403003000000074A0022078A4022096
:108F2C0077A502207CA00220F08C03000400000036
:108F3C00000000000C83030000000000008603000A
:108F4C0000000000E085030000000000F085030035
:108F5C00000000001086030000000000DC8C030001
:108F6C0000000000CC8C030000000000BC8C03004F
:108F7C0000000000AC8C030000000000388E0300E1
:088F8C00B4E2FE7F01000000C9
:108F94004C2C002000000000748103009481030025
:108FA40054810300000000000000000000000000E5
:108FB40000000000000000000000000000000000AD
:108FC400000000000000000000000000000000009D
:108FD400000000000000000000000000000000008D
:108FE400000000000000000000000000000000007D
:108FF400000000004300000000000000000000002A
:10900400000000000000000000000000000000005C
:109014000000000043000000000000000000000009
:10902400000000000000000000000000000000003C
:1090340000000000430000000000000000000000E9
:10904400000000000000000000000000000000001C
:1090540000000000430000000000000000000000C9
:1090640000000000000000000000000000000000FC
:1090740000000000430000000000000000000000A9
:1090840000000000000000000000000000000000DC
:109094000000000043000000000000000000000089
:1090A40000000000000000000000000000000000BC
:1090B4000000000043000000000000000000000069
:1090C400000000000000000000000000000000009C
:1090D4000000000085960200DD92020000000000FE
:1090E400538003004080030037800300378003006F
:1090F4003780030037800300378003003780030084
:10910400378003003780030037800300FFFFFFFF31
:10911400FFFFFFFFFFFFFFFFFFFF000001004153C0
:109124004349490000000000000000000000000066
:109134000000000000000000000000000000415397
:109144004349490000000000000000000000000046
:10915400000000000000000000000000000000000B
:1091640000100140110004000090D0030000000032
:109174000000000000000000FFFFFFFFFFFFFFFFF3
:1091840000000000000000000000000000000000DB
:109194000000000000000000FFFFFFFFFFFFFFFFD3
:1091A40000000000000000000000000000000000BB
:1091B40000140200FFFF0100C26B01201700000031
:1091C4000000000000000000B0840300C12E030072
:1091D4000000000000000000FFFFFFFFFFFFFFFF93
:1091E400000000000000000000000000000000007B
:1091F4000000000000000000FFFFFFFFFFFFFFFF73
:10920400000000000000000000000000000000005A
:1092140000A001400106000000A00140010600007A
:109224001095004001000000FF0000001400000041
:10923400130000000E00000000000000FFFF050006
:10924400003002400000000025720200017202009A
:10925400000000000000000000000000000000000A
:1092640000000000000000000000000000000000FA
:089274000000000000000000F2
:10927C000000000000000000E9B102000000000046
:10928C0000000000000000000000000025EA0200C1
:08929C000000050000000500C0
:0400000320009E7DBE
:00000001FF
